race_name,race_category,age_category,runner_name,time,overall_rank,category_rank
Hikuri,100K,20-34,Jupiter CARERA CASAS,10:23:52,2,1
Hikuri,100K,20-34,Moises JIMENEZ,10:54:29,4,2
Hikuri,100K,20-34,Carlos LOREDO HERNANDEZ,11:44:27,7,3
Hikuri,100K,20-34,Jose Eliezer ARCUBIA PATINO,11:54:43,9,4
Hikuri,100K,20-34,Charles PERROT-MINOT,12:02:54,10,5
Hikuri,100K,20-34,Simon BUSTAMANTE,12:13:49,12,6
Hikuri,100K,20-34,Rémi POITRAS,12:33:47,14,7
Hikuri,100K,20-34,Oliver MURRAY,13:37:59,15,8
Hikuri,100K,20-34,Harvey HERNANDEZ,13:45:29,17,9
Hikuri,100K,20-34,Amber HOULE,13:47:20,18,10
Hikuri,100K,20-34,Alexa ROMANO,14:00:25,20,11
Hikuri,100K,20-34,Luis Daniel NAVARRO RAMOS,14:06:49,23,12
Hikuri,100K,20-34,Tim ROPCHAN,14:12:30,25,13
Hikuri,100K,20-34,Yevhenii BESPOIASKO,14:19:55,27,14
Hikuri,100K,20-34,Victor Manuel NERI ALFARO,14:33:02,31,15
Hikuri,100K,20-34,Andres HERRERA DURAN,14:40:52,33,16
Hikuri,100K,20-34,Jorge Alberto VIZCAINO DEL TORO,14:56:08,36,17
Hikuri,100K,20-34,Mason PARKER,15:22:24,43,18
Hikuri,100K,20-34,Simon LAMBERT,15:27:25,44,19
Hikuri,100K,20-34,Zach JOHNSON,15:34:21,46,20
Hikuri,100K,20-34,Fabian MATAMOROS CORRALES,16:05:25,50,21
Hikuri,100K,20-34,Jodine COE,16:36:32,56,22
Hikuri,100K,20-34,Raymundo PAEZ,16:38:38,57,23
Hikuri,100K,20-34,Pavle DJORDJEVIC,16:48:52,59,24
Hikuri,100K,20-34,Lucero Abigaith GOMEZ ESPINDOLA,16:49:52,60,25
Hikuri,100K,20-34,Fernando SÁNCHEZ,16:50:39,62,26
Hikuri,100K,20-34,Tsen Tsz CHZHAN,17:21:33,66,27
Hikuri,100K,20-34,Mauricio SEVILLA,17:39:38,70,28
Hikuri,100K,20-34,Fabian ARENA,17:39:45,71,29
Hikuri,100K,20-34,Javier GENARO,17:59:53,78,30
Hikuri,100K,20-34,Antoine LOUIS,18:13:49,83,31
Hikuri,100K,20-34,Neil BEATTIE,18:43:48,87,32
Hikuri,100K,20-34,Tanguy MOUTTE,18:45:26,88,33
Hikuri,100K,20-34,Corentin MAERTENS,18:47:14,89,34
Hikuri,100K,20-34,Jake PERRY,18:50:40,91,35
Hikuri,100K,20-34,Carlos MARQUEZ,19:03:08,93,36
Hikuri,100K,20-34,Alberto José ABRAHAM GASQUE,19:54:19,102,37
Hikuri,100K,20-34,Irma Karen OJEDA HERNANDEZ,20:09:35,108,38
Hikuri,100K,20-34,Sebastián VILLAVERDE,20:16:53,111,39
Hikuri,100K,20-34,Edgar DE LA CRUZ RUEDA,20:23:13,113,40
Hikuri,100K,20-34,Mauricio ESPARZA CORONA,20:43:06,119,41
Hikuri,100K,20-34,Apolline DEWATRE,20:57:25,122,42
Hikuri,100K,20-34,Maxime GREGORIEFF,20:57:25,122,42
Hikuri,100K,20-34,Juan BOTAS VELAZQUEZ,20:58:58,125,44
Hikuri,100K,20-34,Leonel CUETO,21:05:28,127,45
Hikuri,100K,20-34,Ricardo Ivan BELTRAN MANCILLA,21:14:57,130,46
Hikuri,100K,20-34,Kyla PERSKY,21:24:59,135,47
Hikuri,100K,20-34,Asher PERLMUTTER,21:25:00,136,48
Hikuri,100K,20-34,Leonardo Yael ARELLANO NUÑO,21:44:07,142,49
Hikuri,100K,20-34,Lalo QUINZAÑOS,21:44:29,144,50
Hikuri,100K,20-34,Darian MOVSESSIAN,23:03:54,151,51
Hikuri,100K,20-34,Charles CORMIER,24:04:20,153,52
Hikuri,100K,20-34,Philippe CHOLETTE,24:19:10,154,53
Hikuri,100K,35-39,Paddy O LEARY,10:42:24,3,1
Hikuri,100K,35-39,Cornelio CIPRIAN,11:12:02,6,2
Hikuri,100K,35-39,Arden YOUNG,11:53:51,8,3
Hikuri,100K,35-39,Edgar Tonatiuh DIAZ AGUIRRE,12:04:07,11,4
Hikuri,100K,35-39,Pavel MORALES,14:10:51,24,5
Hikuri,100K,35-39,Bernardo VILLASUSO VILLALOBOS,14:51:51,35,6
Hikuri,100K,35-39,Antonio Israel FLORES ARECHIGA,15:06:07,39,7
Hikuri,100K,35-39,Marisol FRANCO ACEVEDO,15:09:06,41,8
Hikuri,100K,35-39,Koji SADAMOTO,15:31:36,45,9
Hikuri,100K,35-39,Benjamin HERRMANN,15:42:32,47,10
Hikuri,100K,35-39,Eder Giovanni SÁNCHEZ FERNANDEZ,16:04:55,49,11
Hikuri,100K,35-39,Adán Alberto HERNANDEZ ESCAMILLA,16:06:07,51,12
Hikuri,100K,35-39,Adam SANCHEZ,16:10:45,52,13
Hikuri,100K,35-39,Juan Carlos CERECERO ALVAREZ,16:20:55,53,14
Hikuri,100K,35-39,Bruno MEIER,16:26:09,55,15
Hikuri,100K,35-39,Tyler JOHANSSON,16:39:49,58,16
Hikuri,100K,35-39,Jesus Alejandro PARRA ORTIZ,16:50:34,61,17
Hikuri,100K,35-39,Isidro Jose RICO RODRIGUEZ,17:03:05,65,18
Hikuri,100K,35-39,David Andres ROBLES LEAL,17:49:03,73,19
Hikuri,100K,35-39,Alejandra CANO SUAREZ,17:58:07,77,20
Hikuri,100K,35-39,Pedro SANTILLAN,18:05:27,79,21
Hikuri,100K,35-39,Aldo Javier SANCHEZ ROMERO,18:07:11,80,22
Hikuri,100K,35-39,Adrien TERRIER,18:13:47,81,23
Hikuri,100K,35-39,Marisol LLAMAS GONZALEZ,18:17:37,84,24
Hikuri,100K,35-39,Mariana PEREZ GONZALEZ,18:49:32,90,25
Hikuri,100K,35-39,Nicholas JENKS,20:02:13,104,26
Hikuri,100K,35-39,Monica Soledad VAZQUEZ BARRON,20:02:43,106,27
Hikuri,100K,35-39,Marco Antonio MORENO CALVILLO,20:09:35,108,28
Hikuri,100K,35-39,Christian CARDENAS,20:37:56,117,29
Hikuri,100K,35-39,Agnese STRAZDIŅA-JAUNZEMA,21:13:20,128,30
Hikuri,100K,35-39,Zaira TORRES BARRAZA,21:21:10,131,31
Hikuri,100K,35-39,Alan Michell DAVALOS SANCHEZ,21:56:56,149,32
Hikuri,100K,40-44,Julián VINASCO MARIN,10:10:29,1,1
Hikuri,100K,40-44,Jerónimo REYES CEDILLO,12:32:50,13,2
Hikuri,100K,40-44,Ryan LAKHRAM,13:40:40,16,3
Hikuri,100K,40-44,Anonymous __anon_124,14:03:07,21,4
Hikuri,100K,40-44,Elías ESQUIVEL-MORENO,14:06:40,22,5
Hikuri,100K,40-44,Carlos Francisco SANCHEZ RAMIREZ,14:20:22,28,6
Hikuri,100K,40-44,Davian-Alejandro SANTOS-MORENO,14:23:25,29,7
Hikuri,100K,40-44,Sandra YAGUE,14:27:40,30,8
Hikuri,100K,40-44,Andrew CASSANO,14:38:51,32,9
Hikuri,100K,40-44,Rodrigo LADERA BURRERO,14:45:26,34,10
Hikuri,100K,40-44,Francisco VAZQUEZ PAREDES,15:02:45,37,11
Hikuri,100K,40-44,Michail ZYGOMANIS,15:08:27,40,12
Hikuri,100K,40-44,Alejandro FERIA,15:21:12,42,13
Hikuri,100K,40-44,Daniela NAVARRETE,16:50:39,62,14
Hikuri,100K,40-44,Jonathan BOLDUC,17:33:16,68,15
Hikuri,100K,40-44,Cristóbal ROJAS,17:36:29,69,16
Hikuri,100K,40-44,Noelia POLI,17:53:48,74,17
Hikuri,100K,40-44,Timothy MATTHEWS,18:55:40,92,18
Hikuri,100K,40-44,Otto SCHULZE,19:06:53,94,19
Hikuri,100K,40-44,Consuelo BARRIOS,19:08:26,95,20
Hikuri,100K,40-44,Rodrigo MEDINA RAMIREZ,19:16:05,97,21
Hikuri,100K,40-44,Veronica FLORES,19:22:56,98,22
Hikuri,100K,40-44,Luis GARCIA,19:42:13,99,23
Hikuri,100K,40-44,Cruz Javier MARTINEZ VILLASENOR,19:45:52,100,24
Hikuri,100K,40-44,Anonymous __anon_206,19:55:05,103,25
Hikuri,100K,40-44,Daniel NEWTON,20:02:13,104,26
Hikuri,100K,40-44,Fernando Doroteo VAZQUEZ PAREDES,20:09:33,107,27
Hikuri,100K,40-44,Liliana SOTO GOMEZ,20:17:06,112,28
Hikuri,100K,40-44,Arturo CUICAS,20:24:57,114,29
Hikuri,100K,40-44,Eulalio TRONCOSO VALLEJO,20:35:05,115,30
Hikuri,100K,40-44,Raul CISNEROS COBOS,20:53:05,120,31
Hikuri,100K,40-44,Andrés MARCIAL RODRÍGUEZ,21:03:11,126,32
Hikuri,100K,40-44,Niks JAUNZEMS,21:13:20,128,33
Hikuri,100K,40-44,Leslie LOGWOOD,21:22:25,133,34
Hikuri,100K,40-44,Claudia GUERRERO BARRERA,21:22:25,133,34
Hikuri,100K,40-44,Ana Elizabeth TLAPANCO LIMON,21:40:55,139,36
Hikuri,100K,40-44,Ignacio PEREZ,21:44:12,143,37
Hikuri,100K,40-44,María Guadalupe LECONA,21:51:44,146,38
Hikuri,100K,45-49,Jason SCHLARB,10:56:50,5,1
Hikuri,100K,45-49,Marcelo RAMIREZ PALMA,14:17:54,26,2
Hikuri,100K,45-49,Jose Manuel GARCIA VALENZUELA,15:04:02,38,3
Hikuri,100K,45-49,Adolfo VAZQUEZ VELASCO,16:03:25,48,4
Hikuri,100K,45-49,Fabian DOBLES SOLANO,17:01:43,64,5
Hikuri,100K,45-49,Griselda AGOSTINI,17:53:48,74,6
Hikuri,100K,45-49,Sandra Rosa MACIAS,18:13:47,81,7
Hikuri,100K,45-49,Alejandro ROMO,20:14:06,110,8
Hikuri,100K,45-49,José Antonio LOPEZ,20:38:03,118,9
Hikuri,100K,45-49,Jun LEAL YANOME,20:58:57,124,10
Hikuri,100K,45-49,Roberto NAVARRO PONS,21:41:00,140,11
Hikuri,100K,45-49,Jaime NAVARRO,21:43:58,141,12
Hikuri,100K,45-49,Tony JUAREZ,21:56:53,148,13
Hikuri,100K,45-49,Ana Aurelia ORTIZ FUENTES,23:51:17,152,14
Hikuri,100K,50-54,Miguel Natividad RAMOS HERNANDEZ,13:47:49,19,1
Hikuri,100K,50-54,Esteban MARTINEZ,16:25:22,54,2
Hikuri,100K,50-54,Jairo Ernesto GARZON FORERO,17:43:42,72,3
Hikuri,100K,50-54,Daniel PEREZ,17:55:47,76,4
Hikuri,100K,50-54,Willibaldo RUIZ LUNA,18:22:15,85,5
Hikuri,100K,50-54,Alejandro DIEZ,18:31:22,86,6
Hikuri,100K,50-54,Richard SMITH,19:08:57,96,7
Hikuri,100K,50-54,Anonymous __anon_204,19:53:39,101,8
Hikuri,100K,50-54,Adela AVILA,21:21:28,132,9
Hikuri,100K,50-54,Juan Pablo MERLA SALAZAR,21:53:57,147,10
Hikuri,100K,50-54,Griselda Fabiana CLEMENTI,22:50:41,150,11
Hikuri,100K,55-59,Kimball GALBRAITH,17:27:49,67,1
Hikuri,100K,55-59,Constance GARRO,21:35:54,138,2
Hikuri,100K,55-59,Valeria ZARWANITZER,21:44:43,145,3
Hikuri,100K,60-64,Gabriel JURI,20:35:39,116,1
Hikuri,100K,60-64,Manuel PEREZ,20:56:12,121,2
Hikuri,100K,60-64,Kent BLOBAUM,21:35:53,137,3
Wixárika,100M,20-34,Samuel COLLINS,17:20:21,2,1
Wixárika,100M,20-34,Steven DOLL,18:57:46,3,2
Wixárika,100M,20-34,Edson Scorpion CHAVEZ,20:53:30,4,3
Wixárika,100M,20-34,Alyssa CLARK,21:38:51,5,4
Wixárika,100M,20-34,Marc-Antoine FORAND,21:51:55,6,5
Wixárika,100M,20-34,Esteban Alejandro MARIN TORRES,22:40:00,8,6
Wixárika,100M,20-34,Julius VAINAUSKAS,22:50:33,9,7
Wixárika,100M,20-34,Kelsey HOGAN,23:29:41,10,8
Wixárika,100M,20-34,Jonathan RUDOLPH,23:55:46,11,9
Wixárika,100M,20-34,Gabriel PETRIDIS DEROSSI,26:09:40,17,10
Wixárika,100M,20-34,Simon CHIFFOLEAU,26:20:15,18,11
Wixárika,100M,20-34,Mauricio COLORADO TAMEZ,27:33:39,20,12
Wixárika,100M,20-34,Marcelo COLORADO TAMEZ,27:40:50,22,13
Wixárika,100M,20-34,Julio César GUZMÁN RAMOS,27:59:24,24,14
Wixárika,100M,20-34,Dorian CADART,28:51:13,27,15
Wixárika,100M,20-34,Jaime DURON,30:50:45,33,16
Wixárika,100M,20-34,Jafet MONTE,30:50:46,34,17
Wixárika,100M,20-34,Ricardo RODRIGUEZ,31:17:17,36,18
Wixárika,100M,20-34,Martin EIKEL,31:19:18,37,19
Wixárika,100M,20-34,Federico BOHMER,31:20:35,38,20
Wixárika,100M,20-34,Adrian RAMIREZ,31:47:26,43,21
Wixárika,100M,20-34,Pedro SEGUNDO CRUZ,31:59:45,44,22
Wixárika,100M,20-34,Tito CUETO,32:21:19,48,23
Wixárika,100M,20-34,Roberto MARTINEZ,33:58:19,52,24
Wixárika,100M,20-34,Angel CERVANTES ARELLANO,34:27:40,58,25
Wixárika,100M,20-34,Pedro HERNANDEZ HERNANDEZ,34:30:19,59,26
Wixárika,100M,20-34,Jeronimo CORTINA,34:36:39,61,27
Wixárika,100M,20-34,Alonso DÁVILA,35:21:59,70,28
Wixárika,100M,20-34,Charline VILCHIS,35:46:33,73,29
Wixárika,100M,20-34,Amado LOPEZ,36:42:48,76,30
Wixárika,100M,35-39,Salvador CASTILLO RODRIGUEZ,25:22:54,14,1
Wixárika,100M,35-39,Noe JASSO INIGUEZ,27:31:04,19,2
Wixárika,100M,35-39,Omar Jesus MENDOZA NUÑO,29:15:58,28,3
Wixárika,100M,35-39,Marcela Evelyn ARIAS GAETA,29:17:39,29,4
Wixárika,100M,35-39,Ricardo BADILLO,30:23:24,31,5
Wixárika,100M,35-39,Diego POLINO,32:02:05,45,6
Wixárika,100M,35-39,Jonathan DAWSON,32:03:18,46,7
Wixárika,100M,35-39,Holly GRAHN,32:29:19,49,8
Wixárika,100M,35-39,Diego Mauricio RAZO CORDERO,34:08:00,54,9
Wixárika,100M,35-39,Jorge UREÑA,34:43:32,64,10
Wixárika,100M,35-39,Gabriel MEJIAS CORTES,34:53:06,67,11
Wixárika,100M,35-39,Mario Eduardo BARRANCO STUBBERT,36:28:07,75,12
Wixárika,100M,40-44,Remigio HUAMAN QUISPE,16:20:20,1,1
Wixárika,100M,40-44,Jonathan GONZALEZ,24:49:35,13,2
Wixárika,100M,40-44,Abrahan VILLANUEVA,27:38:47,21,3
Wixárika,100M,40-44,Alfredo PLASCENCIA CASILLAS,28:14:46,25,4
Wixárika,100M,40-44,Andres REYES DIAZ,30:42:36,32,5
Wixárika,100M,40-44,Miguel CAMARENA PÉREZ,31:33:39,40,6
Wixárika,100M,40-44,Jose Manuel RIVERA DIAZ,31:46:27,42,7
Wixárika,100M,40-44,Indira SALAS VELASCO,32:45:35,50,8
Wixárika,100M,40-44,María Guadalupe RAMÍREZ,34:21:34,56,9
Wixárika,100M,40-44,Anne MAXWELL,34:38:01,63,10
Wixárika,100M,40-44,Hugo HAAS,34:49:24,66,11
Wixárika,100M,40-44,Claudia Marcela SÁNCHEZ GARCÍA,34:53:38,68,12
Wixárika,100M,40-44,Gregg CARLSON,35:30:57,71,13
Wixárika,100M,40-44,Samuel GRODOFSKY,35:45:53,72,14
Wixárika,100M,40-44,Oscar REBOLLEDO,35:46:34,74,15
Wixárika,100M,45-49,Hector FUENTES RIVERA,22:35:31,7,1
Wixárika,100M,45-49,Thibaut REVENAZ,24:07:15,12,2
Wixárika,100M,45-49,Marisol ARTEAGA SERRANO,27:49:56,23,3
Wixárika,100M,45-49,Jimmy LOPEZ,28:45:15,26,4
Wixárika,100M,45-49,Pneruda CESPEDES MORA,29:22:24,30,5
Wixárika,100M,45-49,Victor Hugo HERNANDEZ VIRGEN,31:42:04,41,6
Wixárika,100M,45-49,Huanyuan SHENG,32:17:43,47,7
Wixárika,100M,45-49,Eduardo-Antonio ALFARO-REYES,34:26:23,57,8
Wixárika,100M,50-54,Robert CLEMENS,25:51:16,15,1
Wixárika,100M,50-54,Cristian GIACONI,31:33:37,39,2
Wixárika,100M,50-54,Erick GARCIA ROBLES,33:33:55,51,3
Wixárika,100M,50-54,Jose COB,34:07:41,53,4
Wixárika,100M,50-54,J. Guadalupe PEDROZA FALCON,34:34:46,60,5
Wixárika,100M,50-54,Horacio GALANTI,34:43:54,65,6
Wixárika,100M,50-54,Milton GONZALEZ,35:06:59,69,7
Wixárika,100M,55-59,Miguel CARREON,34:21:17,55,1
Wixárika,100M,60-64,Todd NOTT,26:05:15,16,1
Wixárika,100M,60-64,Carlos A. TRUJILLO,31:03:15,35,2
Wixárika,100M,60-64,Ramon RODRIGUEZ CAMACHO,34:37:19,62,3
Pata Salada,10K,20-34,Emilia MARTÍNEZ MENDIVIL,01:00:10,2,1
Pata Salada,10K,20-34,Esteban GONZALEZ JIMENEZ,01:00:29,4,2
Pata Salada,10K,20-34,Luis Ricardo ACOSTA AGUILAR,01:00:48,5,3
Pata Salada,10K,20-34,Carlos ROSAS,01:03:32,6,4
Pata Salada,10K,20-34,Alison PONCE,01:08:27,9,5
Pata Salada,10K,20-34,Armando José BECERRA ARECHIGA,01:12:23,11,6
Pata Salada,10K,20-34,Ana Paola FUENTES MARTINEZ,01:18:47,13,7
Pata Salada,10K,20-34,Luis Enrique RIVERA CAMPA,01:22:55,17,8
Pata Salada,10K,20-34,Christian BUCIO MAGDALENO,01:28:34,19,9
Pata Salada,10K,20-34,Perla CASTILLO,01:36:37,24,10
Pata Salada,10K,20-34,Itzel YANEZ,01:40:45,36,11
Pata Salada,10K,20-34,Kory MARKEL,01:41:54,38,12
Pata Salada,10K,20-34,Paula MARKEL,01:41:54,38,12
Pata Salada,10K,20-34,Sara Stephanie ORTEGA ESPINOZA,01:42:58,43,14
Pata Salada,10K,20-34,Alejandra ORTEGA,01:42:59,44,15
Pata Salada,10K,20-34,Xavier VILLENEUVE,01:44:10,46,16
Pata Salada,10K,20-34,Luis Alberto CASILLAS SUAREZ,01:44:11,47,17
Pata Salada,10K,20-34,Kate CUIN,01:44:24,48,18
Pata Salada,10K,20-34,Maximiliano HERRERA AVILA,01:46:39,50,19
Pata Salada,10K,20-34,Carolina SIERRA MATUS,01:51:01,62,20
Pata Salada,10K,20-34,Paulina GONZALEZ LUNA RUIZ,01:54:33,64,21
Pata Salada,10K,20-34,Brenda Yaneth RUEDA SUSTAITA,01:58:09,66,22
Pata Salada,10K,20-34,Heinar Misael ALVARADO GARCIA,02:00:10,67,23
Pata Salada,10K,20-34,Sofía Citlali BERUMEN SOLIS,02:00:18,68,24
Pata Salada,10K,20-34,Karla CARACHEO,02:00:52,70,25
Pata Salada,10K,20-34,Leonardo COVARRUBIAS GARCÍA,02:05:02,76,26
Pata Salada,10K,20-34,Anonymous __anon_1339,02:06:43,78,27
Pata Salada,10K,20-34,Fernando MANCILLA,02:08:34,81,28
Pata Salada,10K,20-34,Kenia Yuleny BARRERA RAMIREZ,02:09:13,84,29
Pata Salada,10K,20-34,Alondra ARELLANO RUIZ,02:09:51,86,30
Pata Salada,10K,20-34,Ana Cristina ROMERO COTA,02:14:51,99,31
Pata Salada,10K,20-34,Edwin HERNANDEZ,02:20:18,106,32
Pata Salada,10K,20-34,Alejandra VIZCAINO,02:22:17,109,33
Pata Salada,10K,20-34,Tania MELO SANDOVAL,02:24:51,111,34
Pata Salada,10K,20-34,Agnes Eyja GUNNARSDÓTTIR,02:26:13,112,35
Pata Salada,10K,20-34,Lina OROZCO,02:27:45,115,36
Pata Salada,10K,20-34,Montserrat GARCIA JIMENEZ,02:29:50,123,37
Pata Salada,10K,20-34,Abraham RAMIREZ RODRIGUEZ,02:31:06,125,38
Pata Salada,10K,20-34,Nallely Noemi RAMIREZ RODRIHUEZ,02:31:06,125,38
Pata Salada,10K,20-34,Daniel Alejandro HUERTA DE LUNA,02:36:09,133,40
Pata Salada,10K,20-34,Natalia De Jesús Jesús GRAJEDA CASTILLO,02:42:10,135,41
Pata Salada,10K,20-34,Andrea Marlene GRANADOS MARTINEZ,02:45:23,139,42
Pata Salada,10K,20-34,Perla Cecilia SALINAS CORONADO,02:55:00,147,43
Pata Salada,10K,20-34,Mayra Stefany RODRIGUEZ CARACHEO,03:12:43,151,44
Pata Salada,10K,35-39,Garston TREMBLAY,01:00:17,3,1
Pata Salada,10K,35-39,Juan Carlos BARAJAS,01:19:42,14,2
Pata Salada,10K,35-39,Otilia HERNANDEZ HERNANDEZ,01:21:45,15,3
Pata Salada,10K,35-39,Diego CHAVEZ,01:30:15,21,4
Pata Salada,10K,35-39,Paulina DIAZ,01:39:17,29,5
Pata Salada,10K,35-39,Leydie Marell JUAREZ,01:39:21,30,6
Pata Salada,10K,35-39,Belia FERNÁNDEZ REYES,01:49:26,55,7
Pata Salada,10K,35-39,Ramon ORTEGA NUÑEZ,01:50:51,61,8
Pata Salada,10K,35-39,Itzel Alejandra PÉREZ NAVA,01:58:08,65,9
Pata Salada,10K,35-39,Abril AYALA,02:00:49,69,10
Pata Salada,10K,35-39,Vicente SERRANO,02:02:06,72,11
Pata Salada,10K,35-39,Alejandra Maricela GUZMÁN AYÓN,02:08:48,82,12
Pata Salada,10K,35-39,Catalina DIAZ,02:10:29,87,13
Pata Salada,10K,35-39,Ana María LEE ANTON,02:49:31,143,14
Pata Salada,10K,40-44,Israel FLORES,01:11:27,10,1
Pata Salada,10K,40-44,Ruth VILLASENOR,01:24:28,18,2
Pata Salada,10K,40-44,Sharik Mariana RAYA ROJAS,01:32:45,23,3
Pata Salada,10K,40-44,Arianna COTA,01:39:46,32,4
Pata Salada,10K,40-44,Brittany DANIELS,01:40:24,35,5
Pata Salada,10K,40-44,Sergio Andres TOVAR BARRIOS,01:42:44,42,6
Pata Salada,10K,40-44,Carolina SÁNCHEZ RUIZ,01:47:17,51,7
Pata Salada,10K,40-44,Noe ESPINOZA DURAN,01:50:07,58,8
Pata Salada,10K,40-44,Nancy Carolina LÓPEZ GARCIA,01:50:21,59,9
Pata Salada,10K,40-44,Hugo Ivan MARTINEZ RICO,02:01:36,71,10
Pata Salada,10K,40-44,Luis Gerardo GARCÍA BELMARES,02:07:49,79,11
Pata Salada,10K,40-44,Juliana Azucena SANCHEZ HERNANDEZ,02:10:55,90,12
Pata Salada,10K,40-44,Bianca Melissa SALAIZA GARCIA,02:11:32,92,13
Pata Salada,10K,40-44,Lina BOLLELLA,02:16:18,101,14
Pata Salada,10K,40-44,Yenny VARGAS ESPITIA,02:18:09,104,15
Pata Salada,10K,40-44,Karina ROSALES,02:28:03,116,16
Pata Salada,10K,40-44,Elizabeth RAMIREZ AMADOR,02:28:29,118,17
Pata Salada,10K,40-44,Leslie Fabiola PEREZ CERDA,02:28:32,119,18
Pata Salada,10K,40-44,Dafne EUYOQUE,02:29:51,124,19
Pata Salada,10K,40-44,Natalia Elizahbet PALACIOS CORTES,02:42:10,135,20
Pata Salada,10K,40-44,Meghan KEELEY,03:00:08,148,21
Pata Salada,10K,40-44,Michael WHALEN,03:01:17,149,22
Pata Salada,10K,40-44,Sandra PEDRAZA,03:34:27,152,23
Pata Salada,10K,45-49,Abraham PEREZ RAMIREZ,01:08:21,8,1
Pata Salada,10K,45-49,Jose Leonor TREJO CAMPOS,01:22:41,16,2
Pata Salada,10K,45-49,Francisco MARTINEZ,01:40:15,34,3
Pata Salada,10K,45-49,Fredy TALAVERA,01:42:04,41,4
Pata Salada,10K,45-49,Hilda Gabriela BRISEÑO JAMAICA,01:44:42,49,5
Pata Salada,10K,45-49,Alejandro NAVARRO,01:47:55,52,6
Pata Salada,10K,45-49,Olga ORTEGA,01:50:02,57,7
Pata Salada,10K,45-49,Angel Jr HERNANDEZ,02:10:36,88,8
Pata Salada,10K,45-49,Perla GUTIERREZ,02:12:45,95,9
Pata Salada,10K,45-49,Lindsay PRIME,02:13:23,98,10
Pata Salada,10K,45-49,Emma ARANA COLLAZO,02:17:39,103,11
Pata Salada,10K,45-49,Roberto LEOS,02:23:55,110,12
Pata Salada,10K,45-49,J Pedro ROMERO FIOL,02:26:52,113,13
Pata Salada,10K,45-49,Honour RUFFER,02:27:06,114,14
Pata Salada,10K,45-49,Corey RUFFER,02:29:00,120,15
Pata Salada,10K,45-49,Claudia CASTRO ORTIZ,02:29:24,122,16
Pata Salada,10K,45-49,Anonymous __anon_1389,02:33:09,128,17
Pata Salada,10K,45-49,Rocio PEREZ MONTAGUT,02:33:10,129,18
Pata Salada,10K,45-49,Daniel BUCIO,02:44:15,138,19
Pata Salada,10K,45-49,Antonio AMEZCUA,02:48:57,141,20
Pata Salada,10K,45-49,Jaqueline LOPEZ TENORIO,02:49:30,142,21
Pata Salada,10K,50-54,César Arturo SÁNCHEZ ARREAGA,01:37:47,26,1
Pata Salada,10K,50-54,Elizabeth OJEDA JIMENEZ,01:38:17,27,2
Pata Salada,10K,50-54,Ma Guadalupe TIERRAFRIA,01:38:51,28,3
Pata Salada,10K,50-54,Pedro MEDINA,01:48:20,53,4
Pata Salada,10K,50-54,Claudia Leticia GARCIA SANCHEZ,01:50:30,60,5
Pata Salada,10K,50-54,Rosalva AMADOR TOMAS,02:03:41,74,6
Pata Salada,10K,50-54,Rodolfo MONTOYA,02:05:55,77,7
Pata Salada,10K,50-54,Jorge BUTANDA BREÑA,02:08:10,80,8
Pata Salada,10K,50-54,Aida VALLADARES,02:09:03,83,9
Pata Salada,10K,50-54,Verónica VALLADARES,02:10:48,89,10
Pata Salada,10K,50-54,Adriana Guadalupe ARIAS AVALOS,02:11:21,91,11
Pata Salada,10K,50-54,Rocio GUTIÉRREZ,02:12:45,95,12
Pata Salada,10K,50-54,Luis Guillermo OROZCO HERNANDEZ,02:14:57,100,13
Pata Salada,10K,50-54,Berenice CHAVEZ,02:22:15,107,14
Pata Salada,10K,50-54,Ana Veronica ROSALES MEZA,02:28:08,117,15
Pata Salada,10K,50-54,Ruth GONZALEZ REYES,03:10:09,150,16
Pata Salada,10K,50-54,Roberto PALACIOS,03:34:28,153,17
Pata Salada,10K,55-59,Eduardo HUERTA,01:28:35,20,1
Pata Salada,10K,55-59,Fredy AGUILAR,01:48:34,54,2
Pata Salada,10K,55-59,Roberto MARTINEZ HERNANDEZ,02:02:09,73,3
Pata Salada,10K,55-59,Ricardo BELTRÁN DEL BOSQUE,02:11:57,93,4
Pata Salada,10K,55-59,Blanaca Estela FRIAS RUIZ,02:17:27,102,5
Pata Salada,10K,55-59,Jorge MARTÍNEZ,02:19:09,105,6
Pata Salada,10K,55-59,Rolando ALCANTARA,02:22:16,108,7
Pata Salada,10K,55-59,María Isabel GARCÍA PALACIOS,02:43:58,137,8
Pata Salada,10K,55-59,Margot MARTINEZ OROZCO,02:45:23,139,9
Pata Salada,10K,60-64,Fernando FERNÁNDEZ,01:49:26,55,1
Pata Salada,10K,60-64,Zoltan PETER,01:54:25,63,2
Pata Salada,10K,60-64,Maria Del Refugio Refugio OLIVAS SANCHEZ,02:13:17,97,3
Pata Salada,10K,60-64,Mario Ruben VELLER,02:32:46,127,4
Pata Salada,10K,60-64,Angel HERNANDEZ,02:34:01,130,5
Pata Salada,10K,60-64,María Magdalena HERNÁNDEZ HERNÁNDEZ,02:52:27,144,6
Pata Salada,10K,60-64,Laura VILLANUEVA LEAL,02:54:01,146,7
Pata Salada,10K,65-69,Karen MARKEL,01:41:56,40,1
Pata Salada,10K,65-69,Hilda Elena OLIVARRIA,02:12:14,94,2
Pata Salada,10K,65-69,Patricia GOMEZ CEDEÑO,02:35:18,132,3
Pata Salada,10K,65-69,Jose PAULIN ZAMORA,02:42:09,134,4
Pata Salada,10K,65-69,Antonio RAMIREZ,02:52:44,145,5
Pata Salada,10K,70-74,Guillermo GUTIERREZ,02:29:08,121,1
Pata Salada,10K,75-79,Brian JACKSON,02:34:04,131,1
Pata Salada,10K,U18,Alexander CONTRERAS,01:04:36,7,1
Pata Salada,10K,U18,Cris VACA,01:37:01,25,2
Pata Salada,10K,U18,Erick ORTEGA,01:43:09,45,3
Pata Salada,10K,U20,Joshua Nathanael VAZQUEZ EGURE,00:54:59,1,1
Pata Salada,10K,U20,Mauro David ARELLANO SANCHEZ,01:12:38,12,2
Pata Salada,10K,U20,Rodrigo Antonio TORRES PEINADO,01:31:04,22,3
Pata Salada,10K,U20,Jenny VACA,01:39:44,31,4
Pata Salada,10K,U20,Frida Alejandra ESPINO AVELICA,01:40:04,33,5
Pata Salada,10K,U20,Juan Antonio PEREZ ARIAS,01:41:42,37,6
Pata Salada,10K,U20,Rotsen Sayuri VEGA CARMONA,02:04:35,75,7
Pata Salada,10K,U20,Esteban HERRERA AVELAR,02:09:18,85,8
Ereno,20K,20-34,Jose OCHOA,01:40:16,2,1
Ereno,20K,20-34,Ashley BRASOVAN,01:40:48,4,2
Ereno,20K,20-34,Anonymous __anon_946,01:42:42,5,3
Ereno,20K,20-34,Roberto VILLAFAÑA RODRÍGUEZ,02:02:56,9,4
Ereno,20K,20-34,Octavio GARCIA MARTINEZ,02:05:40,11,5
Ereno,20K,20-34,Andrew KARGOL,02:07:35,12,6
Ereno,20K,20-34,Giezi CRUZ GONZALEZ,02:07:53,13,7
Ereno,20K,20-34,Greta UNGER,02:09:36,14,8
Ereno,20K,20-34,Petter HOLLTROE,02:14:18,17,9
Ereno,20K,20-34,Bruno MURILLO,02:15:45,19,10
Ereno,20K,20-34,Miranda CASTILLO FERNANDEZ,02:15:53,20,11
Ereno,20K,20-34,Cesar Alberto MENDEZ BARAJAS,02:16:37,23,12
Ereno,20K,20-34,Maria Nataly MARTINEZ FLORES,02:19:48,24,13
Ereno,20K,20-34,Marisol GONZALEZ,02:20:04,25,14
Ereno,20K,20-34,Ricardo MENDOZA OLIVER,02:23:28,28,15
Ereno,20K,20-34,Edgar Eduardo CARO PANUCO,02:23:31,29,16
Ereno,20K,20-34,Jesus MARCELO GARCIA,02:24:00,30,17
Ereno,20K,20-34,Juan Manuel BARBA GONZALEZ,02:25:35,32,18
Ereno,20K,20-34,Diego TORRES PENA,02:26:02,33,19
Ereno,20K,20-34,Alejandro ESPARZA OLMOS,02:26:45,35,20
Ereno,20K,20-34,Itzel CENTENO,02:29:05,39,21
Ereno,20K,20-34,Santiago RUIZ,02:29:20,40,22
Ereno,20K,20-34,Aurelio DE LA TEJERA,02:29:21,41,23
Ereno,20K,20-34,Ana SUAREZ,02:29:32,43,24
Ereno,20K,20-34,Gabriel OCHOA RAMOS,02:33:46,49,25
Ereno,20K,20-34,Fabien VALADE,02:35:45,53,26
Ereno,20K,20-34,Oscar Javier ORTIZ DOMINGUEZ,02:36:00,56,27
Ereno,20K,20-34,Trey LANHAM,02:40:40,68,28
Ereno,20K,20-34,María Gabriela CHAVES RODRÍGUEZ,02:40:42,69,29
Ereno,20K,20-34,German DE LUNA,02:40:49,70,30
Ereno,20K,20-34,Sergio RODRÍGUEZ,02:40:49,70,30
Ereno,20K,20-34,Erick CHAVEZ,02:41:47,74,32
Ereno,20K,20-34,Ana Sofia ARCE,02:43:28,80,33
Ereno,20K,20-34,Adrian Salvador GARCIA TORRES,02:43:52,82,34
Ereno,20K,20-34,Alejandro RUIZ,02:43:57,83,35
Ereno,20K,20-34,Jacob GERHARDT,02:44:13,85,36
Ereno,20K,20-34,Trevor BROUELETTE,02:44:50,86,37
Ereno,20K,20-34,Ramón De Jesús Jesús GARCÍA MEDINA,02:45:58,90,38
Ereno,20K,20-34,David GONZALEZ,02:46:21,93,39
Ereno,20K,20-34,Adolfo LEON,02:46:36,94,40
Ereno,20K,20-34,Mauricio MARTIN DEL CAMPO GUILLEN,02:47:57,96,41
Ereno,20K,20-34,Luis Daniel HERNANDEZ GÓMEZ,02:48:26,98,42
Ereno,20K,20-34,Mario MENDOZA,02:49:05,100,43
Ereno,20K,20-34,Monica VILLARRUEL,02:49:13,101,44
Ereno,20K,20-34,Victor MORA,02:49:20,102,45
Ereno,20K,20-34,Yoselyn PALMER,02:50:01,103,46
Ereno,20K,20-34,Bautista José DIEZ,02:50:14,105,47
Ereno,20K,20-34,Fernanda CABRERA,02:52:12,108,48
Ereno,20K,20-34,Daniela CHÁVEZ,02:52:31,110,49
Ereno,20K,20-34,Carlos RAMOS,02:53:02,113,50
Ereno,20K,20-34,Daniel AVINA RAMIREZ,02:53:47,117,51
Ereno,20K,20-34,Andrea LARA ANAYA,02:53:51,118,52
Ereno,20K,20-34,Miguel LÓPEZ,02:55:09,120,53
Ereno,20K,20-34,Maria ACEVES,02:57:35,123,54
Ereno,20K,20-34,Aaron Uriel CASTAÑEDA BAUTISTA,02:59:36,129,55
Ereno,20K,20-34,Andres BARAJAS,03:00:48,133,56
Ereno,20K,20-34,Sean UNGER,03:02:38,137,57
Ereno,20K,20-34,Nancy Maricarmen PALOMINO LOZANO,03:03:14,139,58
Ereno,20K,20-34,Ricardo David ÁLVAREZ GARCIA,03:03:25,140,59
Ereno,20K,20-34,Raul Alfonso SANCHEZ CAYO,03:04:01,141,60
Ereno,20K,20-34,Marco Antonio ROCHA MORENO,03:10:09,152,61
Ereno,20K,20-34,Maria Fernanda YAÑEZ AGUILUZ,03:11:03,155,62
Ereno,20K,20-34,Carlos HERRERA,03:11:47,157,63
Ereno,20K,20-34,Antonio ARTURO,03:12:53,159,64
Ereno,20K,20-34,Sergio ESTRADA,03:13:28,161,65
Ereno,20K,20-34,Amber TURNER,03:13:34,162,66
Ereno,20K,20-34,Sofía Del Carmen Carmen GONZÁLEZ MORA,03:13:35,163,67
Ereno,20K,20-34,Maria ESCALZA,03:15:15,167,68
Ereno,20K,20-34,Luis Fernando GARCIA GUZMAN,03:15:53,172,69
Ereno,20K,20-34,Jessica MARTINEZ,03:16:17,175,70
Ereno,20K,20-34,Andrea Monserrat VELAZQUEZ TAFOLLA,03:17:55,178,71
Ereno,20K,20-34,Eva MIRALLES MIRO,03:18:11,179,72
Ereno,20K,20-34,Ana Jenesse ESPARZA JAIME,03:18:42,180,73
Ereno,20K,20-34,Soledad ALONSO DIAZ DEL RIO,03:18:43,181,74
Ereno,20K,20-34,Estefania Miroslava ESQUIVEL VELAZQUEZ,03:18:50,182,75
Ereno,20K,20-34,Tania Angelica NUÑEZ PEREZ,03:19:05,184,76
Ereno,20K,20-34,Samantha NAVA,03:19:44,188,77
Ereno,20K,20-34,Delia Itziar BELAUSTEGUIGOITIA,03:21:05,193,78
Ereno,20K,20-34,Katherine PRADO MARIN,03:21:37,194,79
Ereno,20K,20-34,Sergio Jesus CARBAJAL LOPEZ,03:22:07,196,80
Ereno,20K,20-34,Zaira Janette DE LA CRUZ NAVARRO,03:23:14,198,81
Ereno,20K,20-34,Mirelle Pamela PALMAS,03:24:05,202,82
Ereno,20K,20-34,Rodrigo Ignacio RODRIGUEZ,03:25:25,207,83
Ereno,20K,20-34,Mariana ARENAS,03:25:49,208,84
Ereno,20K,20-34,Karla Jhoana RAMIREZ RODRIGUEZ,03:27:17,210,85
Ereno,20K,20-34,Jarren HUGHES,03:27:58,215,86
Ereno,20K,20-34,Edwin ROMAN,03:28:03,218,87
Ereno,20K,20-34,Dulce Maria AGUILERA REYES,03:30:10,228,88
Ereno,20K,20-34,Jocelyn Nayely HERNANDEZ MARTINEZ,03:32:17,232,89
Ereno,20K,20-34,Koko SADAMOTO,03:34:12,240,90
Ereno,20K,20-34,David TECUATL,03:34:29,242,91
Ereno,20K,20-34,Andrea ACEVES AGUILA,03:35:02,244,92
Ereno,20K,20-34,Gonzalo Alejandro MACIAS HARO,03:35:40,247,93
Ereno,20K,20-34,Ana Karla OLIVEROS BOTELLO,03:35:59,249,94
Ereno,20K,20-34,Angelina De Jesus Jesus FLORES AYALA,03:36:44,253,95
Ereno,20K,20-34,Adrián OROZCO ACUNA,03:38:50,255,96
Ereno,20K,20-34,Juan BARBOZA BALTAZAR,03:40:19,256,97
Ereno,20K,20-34,Nicole PONTO,03:42:24,257,98
Ereno,20K,20-34,Miguel Angel COBOS JASSO,03:45:26,259,99
Ereno,20K,20-34,Adriana Marcela NIÑO ROMERO,03:47:44,260,100
Ereno,20K,20-34,Itzel OROZCO,03:50:39,263,101
Ereno,20K,20-34,Paula NAZAL LABRIN,03:51:34,265,102
Ereno,20K,20-34,Sofia Cristina SUAREZ CAMPOS,03:55:22,270,103
Ereno,20K,20-34,Liliana CESPEDES,03:57:05,276,104
Ereno,20K,20-34,Giovana FERNÁNDEZ,03:57:52,279,105
Ereno,20K,20-34,Melissa REVUELTO HERRERA,03:58:18,280,106
Ereno,20K,20-34,Adhara MENDOZA,04:08:54,287,107
Ereno,20K,20-34,Sandra Vanessa VILLA MAGAÑA,04:09:15,288,108
Ereno,20K,20-34,Nallely AGUILAR,04:11:19,292,109
Ereno,20K,20-34,Maria CHAVEZ,04:12:23,294,110
Ereno,20K,20-34,Chantal Margarita RODRIGUEZ PEREZ,04:12:56,295,111
Ereno,20K,20-34,Julio Alejandro GUZMAN OCHOA,04:13:00,296,112
Ereno,20K,20-34,Max BALZARETTI,04:13:26,298,113
Ereno,20K,20-34,Dulce Maria ROLDAN DE LUNA,04:15:03,299,114
Ereno,20K,20-34,Tania DURAN,04:15:53,300,115
Ereno,20K,20-34,Fabiola AGUILAR,04:27:03,307,116
Ereno,20K,35-39,José Antonio CHAVEZ CEJA,01:39:58,1,1
Ereno,20K,35-39,Hugo Adrian CASTILLO ESTRADA,01:40:47,3,2
Ereno,20K,35-39,María Magdalena BARBA LAZARO,01:43:05,6,3
Ereno,20K,35-39,Kristian ANDRES,01:50:20,8,4
Ereno,20K,35-39,Christopher MONTES,02:11:18,15,5
Ereno,20K,35-39,Carmen PALACIOS,02:20:27,26,6
Ereno,20K,35-39,Adrien ALAGILLE,02:22:02,27,7
Ereno,20K,35-39,Steffany OROZCO MURGA,02:26:17,34,8
Ereno,20K,35-39,Fernando SUAREZ,02:27:44,37,9
Ereno,20K,35-39,Jose Javier CERINO RAMIREZ,02:30:48,44,10
Ereno,20K,35-39,Juan José POLINA,02:34:03,50,11
Ereno,20K,35-39,Jaime NIETO,02:35:49,54,12
Ereno,20K,35-39,Rolu MARTINEZ,02:37:27,60,13
Ereno,20K,35-39,José Luis FONSECA,02:40:26,66,14
Ereno,20K,35-39,Emmanuel SALGUERO,02:43:23,79,15
Ereno,20K,35-39,Karina CRUZ,02:43:49,81,16
Ereno,20K,35-39,Margarita QUICENO,02:44:10,84,17
Ereno,20K,35-39,Marwan Alexander SAAB JUSTO,02:45:27,88,18
Ereno,20K,35-39,Sean VERMILLION,02:45:50,89,19
Ereno,20K,35-39,Julio César ESPARZA LÓPEZ,02:48:54,99,20
Ereno,20K,35-39,Clementina RIOS MEDRANO,02:51:17,106,21
Ereno,20K,35-39,Miriam Esmeralda GUERRERO RIVERA,02:53:44,116,22
Ereno,20K,35-39,Jonathan VILLA,02:54:17,119,23
Ereno,20K,35-39,Anonymous __anon_1063,02:57:21,122,24
Ereno,20K,35-39,Robert BLANCHETTE,02:59:07,127,25
Ereno,20K,35-39,Mauricio FRAUSTO,02:59:44,131,26
Ereno,20K,35-39,Lizbeth Yesenia SANCHEZ ELIZALDE,03:02:19,135,27
Ereno,20K,35-39,Angélica Hanay PELAYO CARRILLO,03:05:02,143,28
Ereno,20K,35-39,Tania HUERTA,03:06:14,146,29
Ereno,20K,35-39,Elizabeth MORENO,03:08:28,147,30
Ereno,20K,35-39,Dace DIMANTE,03:09:09,149,31
Ereno,20K,35-39,Berenice DELGADO,03:15:16,168,32
Ereno,20K,35-39,Luz Andrea VALENZUELA ROSILLO,03:16:12,174,33
Ereno,20K,35-39,Luz JASSO,03:19:20,185,34
Ereno,20K,35-39,Germán FORTUÑO,03:19:34,187,35
Ereno,20K,35-39,Anahi Concepcion SANCHEZ HERNANDEZ,03:20:48,189,36
Ereno,20K,35-39,Joaquin CANUL,03:20:49,190,37
Ereno,20K,35-39,Gilberth MONTERO,03:21:43,195,38
Ereno,20K,35-39,Val ST-ARNAUD,03:22:25,197,39
Ereno,20K,35-39,Dulce Maria AGUIRRE MORENO,03:23:39,199,40
Ereno,20K,35-39,Alejandra RAMOS HERNANDEZ,03:27:55,213,41
Ereno,20K,35-39,Laura Ximena CESPEDES CAMACHO,03:31:37,231,42
Ereno,20K,35-39,Jair HERRERA,03:32:57,236,43
Ereno,20K,35-39,Monserrat YANEZ,03:33:05,237,44
Ereno,20K,35-39,Ruy Abraham UBANDO PRUNEDA,03:33:38,238,45
Ereno,20K,35-39,Koji SADAMOTO,03:34:12,240,46
Ereno,20K,35-39,Elsi PEÑA,03:51:50,266,47
Ereno,20K,35-39,Francisco MENDEZ VALENCIA,03:55:41,272,48
Ereno,20K,35-39,Ernesto LOERA,03:55:41,272,48
Ereno,20K,35-39,Diego GARCIA DE QUEVEDO,03:55:41,272,48
Ereno,20K,40-44,Oscar Ramon LOPEZ DIAZ,02:13:24,16,1
Ereno,20K,40-44,Cuitlahuac RODRIGUEZ GARAY,02:27:25,36,2
Ereno,20K,40-44,Daniel VALENCIA TORRES,02:33:03,47,3
Ereno,20K,40-44,Roxana CISNEROS,02:33:22,48,4
Ereno,20K,40-44,Mónica Guadalupe SANCHEZ CRUZ,02:41:51,76,5
Ereno,20K,40-44,Abraham Israel GONZALEZ URIBE,02:42:26,78,6
Ereno,20K,40-44,Chris PANNEK,02:46:00,91,7
Ereno,20K,40-44,Antonio Benjamin ALCANTAR RAMIREZ,02:46:41,95,8
Ereno,20K,40-44,Charley SMITH,02:47:59,97,9
Ereno,20K,40-44,Francisco CHACON,02:51:25,107,10
Ereno,20K,40-44,Mark DUCEY,02:52:42,111,11
Ereno,20K,40-44,Minerva MAS MENDOZA,02:53:17,114,12
Ereno,20K,40-44,Adriana RUIZ DE ANDA,02:56:16,121,13
Ereno,20K,40-44,Adriana NOVOA,02:59:26,128,14
Ereno,20K,40-44,Cintia Anastasia PAEZ RUIZ,03:02:38,137,15
Ereno,20K,40-44,Álvaro MARQUEZ (Alvaro Alvaro MARQUEZ),03:09:02,148,16
Ereno,20K,40-44,Manish MISTRY,03:09:11,150,17
Ereno,20K,40-44,Cynthia FLORES,03:10:36,153,18
Ereno,20K,40-44,Richard ANGULO,03:13:22,160,19
Ereno,20K,40-44,Mario SANABRIA,03:14:26,164,20
Ereno,20K,40-44,Maria Jose CHAVEZ RIOS,03:15:16,168,21
Ereno,20K,40-44,Sergio ESQUIVEL ARREDONDO,03:15:17,170,22
Ereno,20K,40-44,Sandra Fabiola MAGAÑA JIMENEZ,03:17:24,176,23
Ereno,20K,40-44,Israel GONZALEZ,03:19:27,186,24
Ereno,20K,40-44,Edwin GARCIA,03:21:02,192,25
Ereno,20K,40-44,Roberto Ivan REZA MORENO,03:24:55,205,26
Ereno,20K,40-44,Edna Donaji BALTAZAR CANDELARIO,03:25:24,206,27
Ereno,20K,40-44,Martin CASTAÑEDA SILVA,03:27:38,211,28
Ereno,20K,40-44,Luis Rafael MENDEZ DE LA TORRE,03:27:41,212,29
Ereno,20K,40-44,Cesar AMORA MORA,03:27:56,214,30
Ereno,20K,40-44,Jose De Jesus Jesus SANDOVAL GARCIA,03:28:04,219,31
Ereno,20K,40-44,Israel GONZALEZ,03:28:21,220,32
Ereno,20K,40-44,Juan Pablo GUILLOT OCAMPO,03:28:51,222,33
Ereno,20K,40-44,Rafael MIER DOMINGUEZ,03:32:25,233,34
Ereno,20K,40-44,Juan Gilberto MONCIVAIS SAUCEDO,03:32:40,234,35
Ereno,20K,40-44,Claudia Gisselle HERNANDEZ NAMBO,03:32:51,235,36
Ereno,20K,40-44,Mary CONDRON,03:35:52,248,37
Ereno,20K,40-44,Sammy MIRELES,03:36:34,252,38
Ereno,20K,40-44,Jenny PEREZ,03:44:22,258,39
Ereno,20K,40-44,Jesus FRAUSTO,03:50:34,262,40
Ereno,20K,40-44,Erendira Donaji RAMIREZ HERNANDEZ,03:58:34,282,41
Ereno,20K,40-44,Carmina AGUILAR,04:10:23,290,42
Ereno,20K,40-44,Alejandra Silvia BUSTOS RAMOS,04:16:23,301,43
Ereno,20K,45-49,Mariam Guadalupe CABRERA,02:15:56,21,1
Ereno,20K,45-49,Carlos Arturo CISNEROS DIAZ DE LEÓN,02:29:29,42,2
Ereno,20K,45-49,Carlo Alberto ARECHIGA HERNANDEZ,02:32:35,46,3
Ereno,20K,45-49,George LEWIS,02:38:29,62,4
Ereno,20K,45-49,Eduardo A FELIX A,02:40:38,67,5
Ereno,20K,45-49,Edgar MORENO GONZALEZ,02:41:07,72,6
Ereno,20K,45-49,Conrado MAGAÑA,02:44:56,87,7
Ereno,20K,45-49,Damaris ORTIZ,02:46:07,92,8
Ereno,20K,45-49,Theyadira FLORES SANCHEZ,02:52:13,109,9
Ereno,20K,45-49,Donaji RUIZ,02:57:38,124,10
Ereno,20K,45-49,Santiago GALVAN-VERA,02:57:44,125,11
Ereno,20K,45-49,Georgina Elizabeth CRUZ ROJAS,03:01:49,134,12
Ereno,20K,45-49,Alejandra GUEVARA,03:02:33,136,13
Ereno,20K,45-49,Flor Nelly GUTIERREZ VILLA,03:12:11,158,14
Ereno,20K,45-49,Karla STACK,03:15:54,173,15
Ereno,20K,45-49,Rogelio CORTES,03:24:25,203,16
Ereno,20K,45-49,Andrea CASTILLO MENESES,03:24:32,204,17
Ereno,20K,45-49,Sua BAUTISTA PACHECO,03:26:44,209,18
Ereno,20K,45-49,Jorge GONZALEZ,03:28:00,216,19
Ereno,20K,45-49,Veronica SANCHEZ VERA,03:29:26,226,20
Ereno,20K,45-49,Marie PONS,03:31:13,230,21
Ereno,20K,45-49,Jose Gpe HERNANDEZ SANTAMARIA,03:36:30,251,22
Ereno,20K,45-49,Luis Gabriel JIMENEZ NAVA,03:36:56,254,23
Ereno,20K,45-49,Araceli SERRANO,03:49:28,261,24
Ereno,20K,45-49,Yadira SALAZAR,03:53:43,267,25
Ereno,20K,45-49,Jaqueline MOGUEL SARMIENTO,03:56:12,275,26
Ereno,20K,45-49,Jorge Armando VAZQUEZ LOPEZ,03:57:27,277,27
Ereno,20K,45-49,Marcos Adan VARELA ALONSO,03:58:27,281,28
Ereno,20K,45-49,Jorge Alejandro GONZÁLEZ ESPARZA,04:00:42,284,29
Ereno,20K,45-49,Enrique FARIAS,04:01:37,285,30
Ereno,20K,45-49,Pepe VAZQUEZ,04:05:30,286,31
Ereno,20K,45-49,Carolina Del Carmen Carmen MONTES DE OCA ZEBADÚA,04:10:10,289,32
Ereno,20K,45-49,Maria De Lourdes Lourdes SANCHEZ URBINA,04:11:10,291,33
Ereno,20K,45-49,Julissa PEREZ RUBIO,04:11:27,293,34
Ereno,20K,45-49,Luis Fernando MACIAS,04:18:36,304,35
Ereno,20K,45-49,Catalina CABRERA,04:27:58,308,36
Ereno,20K,50-54,José Antonio DE PABLO,02:02:56,9,1
Ereno,20K,50-54,Angel David HERNANDEZ CERVANTES,02:14:36,18,2
Ereno,20K,50-54,Saul Martin AVILA MARTINEZ,02:16:20,22,3
Ereno,20K,50-54,Brian AHERN,02:27:50,38,4
Ereno,20K,50-54,Jacinto RESENDIZ MARQUEZ,02:34:54,52,5
Ereno,20K,50-54,Denise NELSON,02:36:32,57,6
Ereno,20K,50-54,Omahar Hector VELA AREVALO,02:40:23,65,7
Ereno,20K,50-54,Efrén FLORES,02:41:08,73,8
Ereno,20K,50-54,Luz Elisa LEON LOPEZ,02:42:07,77,9
Ereno,20K,50-54,Javier MORALES SALAZAR,02:50:09,104,10
Ereno,20K,50-54,Marc SIMARD,02:59:39,130,11
Ereno,20K,50-54,Stephen PARKER,03:09:29,151,12
Ereno,20K,50-54,Antonio PLASCENCIA,03:10:38,154,13
Ereno,20K,50-54,Jesús Enrique LEYTE SANABRIA,03:20:49,190,14
Ereno,20K,50-54,Veronica ULLOA AGUILAR,03:23:56,201,15
Ereno,20K,50-54,Myriam CONTRERAS AGUILAR,03:29:04,224,16
Ereno,20K,50-54,Martin TREMBLAY,03:54:03,268,17
Ereno,20K,50-54,Rosa Maria MORENO,03:54:16,269,18
Ereno,20K,50-54,Diego DURAN BUENDIA,03:57:48,278,19
Ereno,20K,50-54,Martin LAPOINTE,04:00:00,283,20
Ereno,20K,50-54,Lorena HERRERA,04:13:17,297,21
Ereno,20K,50-54,Margarita CAMILO PASCUAL,04:23:05,305,22
Ereno,20K,55-59,Todd LYTLE,02:25:32,31,1
Ereno,20K,55-59,Jose Juan ESCAMILLA SALINAS,02:34:14,51,2
Ereno,20K,55-59,Sofia Leticia CERVANTES MONROY,02:39:08,64,3
Ereno,20K,55-59,Francisca GOMEZ MALDONADO,02:53:31,115,4
Ereno,20K,55-59,Alejandro MANCILLA DURAN,02:58:13,126,5
Ereno,20K,55-59,Jose GARCIA RENDON,03:04:04,142,6
Ereno,20K,55-59,Jose Manuel CERINO CASTRO,03:05:06,144,7
Ereno,20K,55-59,Octavio GONZALEZ,03:14:58,166,8
Ereno,20K,55-59,Maria M URIBE,03:17:53,177,9
Ereno,20K,55-59,Edith ORTEGA,03:36:18,250,10
Ereno,20K,55-59,David FLORES CARDONA,03:51:22,264,11
Ereno,20K,55-59,Olivia Antonieta GOMEZ NIETO,04:18:13,303,12
Ereno,20K,60-64,Ricardo MEJIA HERNANDEZ,01:43:37,7,1
Ereno,20K,60-64,Ruben ALVARADO,03:00:43,132,2
Ereno,20K,60-64,Alicia SANTOYO,03:14:57,165,3
Ereno,20K,60-64,Enrique DE LEON QUINTANA,03:23:48,200,4
Ereno,20K,60-64,Jose Manuel AGUIRRE VALDES,03:29:48,227,5
Ereno,20K,60-64,Enrique JIMENEZ SERVIN,03:33:39,239,6
Ereno,20K,60-64,Maria AGUILA AGUIRRE,03:35:02,244,7
Ereno,20K,60-64,Bret GRIFFIN,03:35:20,246,8
Ereno,20K,60-64,Alejandro CLAVIJO RODRIGUEZ,04:16:36,302,9
Ereno,20K,65-69,Bertha Estela SANCHEZ PALACIOS,02:37:25,59,1
Ereno,20K,65-69,Gerardo Javier BARAJAS GONZALEZ,02:39:00,63,2
Ereno,20K,65-69,Adelina HERRERA,03:30:36,229,3
Ereno,20K,65-69,Ana Maria GRANADOS RONQUILLO,03:55:22,270,4
Ereno,20K,65-69,Luis Fernando VAZQUEZ BAYOD,04:23:48,306,5
Ereno,20K,70-74,Deb WILDING,03:28:02,217,1
Ereno,20K,70-74,Jose VAZQUEZ BAYOD,03:34:48,243,2
Ereno,20K,U18,Nicolás MARIONA GONZÁLEZ,02:35:58,55,1
Ereno,20K,U18,Victoria DE LOS RIOS VALLADARES,02:41:47,74,2
Ereno,20K,U18,Jose Luis ORTEGA CASTRO,02:52:56,112,3
Ereno,20K,U18,Erick GARCIA EUYOQUE,03:11:15,156,4
Ereno,20K,U18,Esteban ARMINIO,03:15:45,171,5
Ereno,20K,U18,Eugenia CABRERA,03:29:19,225,6
Ereno,20K,U20,Mariana GONZALEZ,02:31:33,45,1
Ereno,20K,U20,Luis Daniel BUCIO MAGDALENO,02:37:14,58,2
Ereno,20K,U20,Anonymous __anon_1002,02:38:22,61,3
Ereno,20K,U20,Irving Johany JIMÉNEZ TORRES,03:05:49,145,4
Ereno,20K,U20,Enrique Luciano MENDOZA RUVALCABA,03:28:41,221,5
Ereno,20K,U20,Diego PÉREZ CABRERA,03:28:55,223,6
Haramara,33K,20-34,Abraham HERNANDEZ,03:01:56,1,1
Haramara,33K,20-34,Jhoan Sebastian RIVERA ALAPE,03:26:26,2,2
Haramara,33K,20-34,Francisco Axel CORONA CARRETERO,03:46:08,3,3
Haramara,33K,20-34,Jonatan Uriel MENDIETA CASTILLO,03:57:43,4,4
Haramara,33K,20-34,Frida CERVANTES,04:04:47,6,5
Haramara,33K,20-34,Emilie MANN,04:06:02,7,6
Haramara,33K,20-34,Luis Arturo VALENZUELA GRIJALVA,04:06:18,8,7
Haramara,33K,20-34,Denisse SANCHEZ,04:06:22,9,8
Haramara,33K,20-34,Andres ORDONEZ,04:06:37,10,9
Haramara,33K,20-34,Nayeli DE LA TORRE,04:06:47,11,10
Haramara,33K,20-34,Yeni Paola MORALES PULIDO,04:15:14,13,11
Haramara,33K,20-34,Chip JACKSON,04:26:13,15,12
Haramara,33K,20-34,David BRU,04:38:18,22,13
Haramara,33K,20-34,Marigel BARAJAS,04:39:29,23,14
Haramara,33K,20-34,Fenella SCUTT,04:42:42,25,15
Haramara,33K,20-34,Paula RODRIGUEZ,04:42:58,26,16
Haramara,33K,20-34,Carina GUADALUPE,04:42:58,26,16
Haramara,33K,20-34,Diego MURILLO CASTELLANOS,04:43:27,28,18
Haramara,33K,20-34,Maria Emilce GIMENEZ GIRELLI,04:43:55,29,19
Haramara,33K,20-34,Juan Jorge ANAYA PENA,04:45:46,31,20
Haramara,33K,20-34,Marisa OTT,04:46:33,32,21
Haramara,33K,20-34,Laura Gabriela SANCHEZ REAL,04:48:53,35,22
Haramara,33K,20-34,Mauricio HERNANDEZ REYES,04:59:01,38,23
Haramara,33K,20-34,Alan CARZOLIO,04:59:50,40,24
Haramara,33K,20-34,Juan Luis GRAJEDA,05:00:57,42,25
Haramara,33K,20-34,Imanol GARCIA URTIAGA,05:03:28,44,26
Haramara,33K,20-34,Yoselinne CHAVEZ,05:05:19,45,27
Haramara,33K,20-34,Juan Adrian ARIAS BAUTISTA,05:09:21,46,28
Haramara,33K,20-34,Fernanda SANCHEZ,05:10:50,47,29
Haramara,33K,20-34,Victor MARTINEZ,05:13:33,49,30
Haramara,33K,20-34,Jesus Miguel ESPARZA,05:14:05,50,31
Haramara,33K,20-34,Fedro Nathanael GÓMEZ GARCÍA,05:14:11,51,32
Haramara,33K,20-34,Estefanny FELIX,05:14:34,53,33
Haramara,33K,20-34,Clara PI CREIXELL,05:16:03,55,34
Haramara,33K,20-34,Agusti BARTRA-GUAL-DE TORRELLA,05:16:03,55,34
Haramara,33K,20-34,Sofía HERNANDEZ,05:17:32,57,36
Haramara,33K,20-34,Francisco CARBAJAL,05:17:42,58,37
Haramara,33K,20-34,Mariana GONZALEZ,05:17:59,59,38
Haramara,33K,20-34,Sergio COBIAN BAUTISTA,05:18:08,60,39
Haramara,33K,20-34,Caitlin SCHMIDT,05:22:48,64,40
Haramara,33K,20-34,Luis CARCOBA,05:23:30,65,41
Haramara,33K,20-34,Dominik WYSER,05:29:50,69,42
Haramara,33K,20-34,Ariel SÁNCHEZ CRUZ,05:29:59,71,43
Haramara,33K,20-34,Yoel Sebastian JIMENEZ RODRIGUEZ,05:30:41,72,44
Haramara,33K,20-34,Javier SALAS,05:32:51,74,45
Haramara,33K,20-34,Benjamin BARRERA DEL CAMPO OLAVARRIETA,05:34:35,75,46
Haramara,33K,20-34,Tania Areli OCHOA REYES,05:34:57,76,47
Haramara,33K,20-34,Nancy PLATA HERNÁNDEZ,05:38:29,78,48
Haramara,33K,20-34,Aldo Daniel GARCIA RIVERA,05:39:38,81,49
Haramara,33K,20-34,Fernanda SEGURA,05:39:39,82,50
Haramara,33K,20-34,Marc KALIPÄUS,05:40:10,83,51
Haramara,33K,20-34,Alejandro BECERRA PIMIENTA,05:42:43,85,52
Haramara,33K,20-34,Adrian GUTIERREZ,05:43:00,86,53
Haramara,33K,20-34,Cristian BASILIO MARTINEZ,05:43:29,87,54
Haramara,33K,20-34,Hector Fabian ROMERO OROZCO,05:44:39,88,55
Haramara,33K,20-34,Emilio RODRIGUEZ HERRERA,05:46:42,89,56
Haramara,33K,20-34,Javier TORRES,05:47:17,91,57
Haramara,33K,20-34,Bruno PAYAN,05:52:41,96,58
Haramara,33K,20-34,Carlos Setgey TRUJEQUE NAVARRETE,05:54:52,99,59
Haramara,33K,20-34,Javier RUIZ,05:55:03,100,60
Haramara,33K,20-34,Eduardo GUILLEN,05:56:05,101,61
Haramara,33K,20-34,Wendy Jhoana MONTENEGRO URREGO,05:59:01,103,62
Haramara,33K,20-34,Ximena MALO,05:59:55,104,63
Haramara,33K,20-34,Anette Larissa ALVAREZ GARCIA,06:01:04,109,64
Haramara,33K,20-34,Eduardo Alberto LARIOS BALTAZAR,06:01:32,111,65
Haramara,33K,20-34,Fernanda CABRERA,06:09:22,118,66
Haramara,33K,20-34,Daniel RODRIGUEZ,06:13:08,122,67
Haramara,33K,20-34,Diego GONZALEZ FARIAS,06:14:17,124,68
Haramara,33K,20-34,Ricardo MALACARA JIMÉNEZ,06:21:47,127,69
Haramara,33K,20-34,Bernardo DIAZ DE LEON VALDES,06:22:48,129,70
Haramara,33K,20-34,Siomara JIMENEZ,06:25:07,132,71
Haramara,33K,20-34,Juan Carlos GARCÍA FLORES,06:28:40,138,72
Haramara,33K,20-34,Carolina ESPINOZA GÓMEZ,06:31:05,140,73
Haramara,33K,20-34,Luis Fernando OVIEDO NORIA,06:31:58,142,74
Haramara,33K,20-34,Nidia IBARRA SERRANO,06:32:55,144,75
Haramara,33K,20-34,Diana MIRAMONTES INDA,06:35:38,146,76
Haramara,33K,20-34,Mateo TORRES,06:35:59,147,77
Haramara,33K,20-34,Mariana LOPEZ FRANCO,06:49:37,155,78
Haramara,33K,20-34,Valentina DE LA TORRE HIDALGO,06:49:38,156,79
Haramara,33K,20-34,Omar ARVIZU,06:49:47,157,80
Haramara,33K,20-34,Ana Cristina SOSA,06:51:46,162,81
Haramara,33K,20-34,Jose Francisco VALENCIA VELAZQUEZ,06:52:55,165,82
Haramara,33K,20-34,Sandra LAREDES,06:55:22,168,83
Haramara,33K,20-34,Paula DE LA CRUZ OCHOA,06:55:53,169,84
Haramara,33K,20-34,Paola MARTINEZ,06:58:20,170,85
Haramara,33K,20-34,Josue Fernando DE LA TORRE ELIZALDE,06:59:12,172,86
Haramara,33K,20-34,Diego HERNANDEZ RAMIREZ,07:12:19,182,87
Haramara,33K,20-34,Yadira REYES SANTILLAN,07:16:12,183,88
Haramara,33K,20-34,Luis Fernando MENDEZ BARAJAS,07:24:39,192,89
Haramara,33K,20-34,Aurora AYALA,07:31:10,195,90
Haramara,33K,20-34,Laura Alicia NAVARRO MARTINEZ,07:31:48,197,91
Haramara,33K,20-34,Grecia RANGEL ESPINOSA,07:31:55,198,92
Haramara,33K,20-34,Jose Alejandrino RAMIREZ PONCE,07:34:17,201,93
Haramara,33K,20-34,Anonymous __anon_869,07:34:20,202,94
Haramara,33K,20-34,Guillermo GRUNBERGER CASTILLEJOS,07:42:48,211,95
Haramara,33K,20-34,Darío OJEDA,07:44:02,213,96
Haramara,33K,20-34,Karen Ileana CANO ALVARADO,07:44:02,213,96
Haramara,33K,20-34,Karla Daniela SALAZAR REYES,07:45:53,216,98
Haramara,33K,20-34,Santiago LÓPEZ,07:50:03,221,99
Haramara,33K,20-34,Ivonne CARRILLO,07:54:44,224,100
Haramara,33K,20-34,Alfonso PRADO,07:54:59,225,101
Haramara,33K,20-34,Daniel FRENCH,07:55:14,227,102
Haramara,33K,20-34,Kimberly Naim CASTRO MORENO,07:55:17,228,103
Haramara,33K,20-34,Jairo Enrique GUERRERO RIVERA,07:57:19,229,104
Haramara,33K,20-34,Andrés CASTANEDA,08:12:41,237,105
Haramara,33K,20-34,David RICARDEZ,08:14:50,238,106
Haramara,33K,20-34,Fernando Efren FLORES RODRIGUEZ,08:52:35,244,107
Haramara,33K,35-39,Fernando Daniel GARCIA RODRIGUEZ,04:12:07,12,1
Haramara,33K,35-39,Orlando ORTIZ JIMÉNEZ,04:28:35,17,2
Haramara,33K,35-39,Alberto HERNANDEZ PEREZ,04:41:34,24,3
Haramara,33K,35-39,Adriana DEL MURO,04:47:53,34,4
Haramara,33K,35-39,Rubén RONQUILLO VILLEGAS,04:49:24,36,5
Haramara,33K,35-39,Jose Andres GALINDO RODRIGUEZ,04:52:37,37,6
Haramara,33K,35-39,Alamar Pandora PENA ARCEO,04:59:32,39,7
Haramara,33K,35-39,Luis Omar MORAN SERNA,05:15:53,54,8
Haramara,33K,35-39,Herculano Rafael FLORES HERNANDEZ,05:20:27,61,9
Haramara,33K,35-39,Griselda MONTOYA CRUZ,05:29:58,70,10
Haramara,33K,35-39,Daniel SIERRA MATUS,05:39:20,79,11
Haramara,33K,35-39,Judith GOMEZ,05:48:35,92,12
Haramara,33K,35-39,Jose Angel GASCA TORRES,05:49:19,93,13
Haramara,33K,35-39,Guillermo VEGA CARDENAS,05:50:02,95,14
Haramara,33K,35-39,Arturo GONZALEZ,05:53:24,97,15
Haramara,33K,35-39,Robert MACNAMARA,05:54:15,98,16
Haramara,33K,35-39,Luis Alberto LOPEZ,05:58:16,102,17
Haramara,33K,35-39,Luis Javier GOMEZ GARCIA,06:00:10,105,18
Haramara,33K,35-39,Jimmy Diego Aramis Aramis ALFARO HERNÁNDEZ,06:01:02,108,19
Haramara,33K,35-39,Christina R LARSON KOWALCZYK,06:01:39,112,20
Haramara,33K,35-39,Anonymous __anon_780,06:02:51,113,21
Haramara,33K,35-39,Constancio PEREZ,06:05:21,116,22
Haramara,33K,35-39,Maria Isabel VARGAS MUÑOZ,06:06:40,117,23
Haramara,33K,35-39,Ivan LOPEZ,06:09:53,119,24
Haramara,33K,35-39,Armando HERMOSILLO MARTINEZ NEGRETE,06:26:51,135,25
Haramara,33K,35-39,Ivette SEGURA,06:26:51,135,25
Haramara,33K,35-39,Arturo CORTEZ,06:35:19,145,27
Haramara,33K,35-39,David ALBARRÁN,06:42:00,150,28
Haramara,33K,35-39,Daniel Fernando FLORES MARTINEZ,06:46:32,153,29
Haramara,33K,35-39,Everli RODRÍGUEZ MARQUEZ,06:48:43,154,30
Haramara,33K,35-39,Francisco Javier OLIVAS AGUIRRE,06:51:23,161,31
Haramara,33K,35-39,Sandra Carolina TORRICO SANCHEZ,06:53:08,166,32
Haramara,33K,35-39,Urbano CRUZ,06:59:06,171,33
Haramara,33K,35-39,Jaime TAMAYO,07:19:05,186,34
Haramara,33K,35-39,Jose Humberto CEBALLOS VIRGEN,07:19:26,187,35
Haramara,33K,35-39,Alberto LOPEZ MACIAS,07:31:57,199,36
Haramara,33K,35-39,Yamanda KHIMA,07:36:08,203,37
Haramara,33K,35-39,Hualberto AGUIRRE,07:36:08,203,37
Haramara,33K,35-39,Ernesto Blas ARELLANO PERAZA,07:45:56,217,39
Haramara,33K,35-39,Luis PIÑON,07:51:58,223,40
Haramara,33K,35-39,Miguel Ángel MORENO ALBA,08:08:17,235,41
Haramara,33K,35-39,Paula SALINAS LOPEZ,08:37:43,240,42
Haramara,33K,40-44,Ricardo CHAVARRIA,04:01:50,5,1
Haramara,33K,40-44,Brad BUXTON,04:18:28,14,2
Haramara,33K,40-44,Maria Del Rocio Rocio FLORES CARDENAS,04:34:48,21,3
Haramara,33K,40-44,Jorge Luis FIGUEROA DE LARA,04:44:56,30,4
Haramara,33K,40-44,Enrique Harry CRUZ,04:46:47,33,5
Haramara,33K,40-44,Kevin BOHM,05:00:20,41,6
Haramara,33K,40-44,Maude BEAUCHAMP,05:01:51,43,7
Haramara,33K,40-44,Sabrina GREGOIRE,05:14:16,52,8
Haramara,33K,40-44,César Omar DIAZ MORENO,05:21:11,62,9
Haramara,33K,40-44,Ricardo VALENZUELA RANGEL,05:22:12,63,10
Haramara,33K,40-44,Luis Miguel SENDIS TORRES,05:26:56,66,11
Haramara,33K,40-44,Jaime RUBIO,05:28:07,67,12
Haramara,33K,40-44,Alejandro CRUZ ALEMAN,05:28:55,68,13
Haramara,33K,40-44,Gerardo JIMÉNEZ,05:31:21,73,14
Haramara,33K,40-44,Anonymous __anon_747,05:39:33,80,15
Haramara,33K,40-44,Mart COUTURE,05:42:09,84,16
Haramara,33K,40-44,José Víctor MARTÍNEZ CORTEZ,05:49:23,94,17
Haramara,33K,40-44,Gabino LOPEZ CHAVERO,06:01:31,110,18
Haramara,33K,40-44,Jose Luis AVALOS,06:04:28,114,19
Haramara,33K,40-44,Anonymous __anon_788,06:11:58,121,20
Haramara,33K,40-44,Amarelly FLORES,06:21:48,128,21
Haramara,33K,40-44,Guillaume DAVID,06:24:05,130,22
Haramara,33K,40-44,Ruben CABRERA,06:30:43,139,23
Haramara,33K,40-44,Arienne ROSSI,06:38:17,148,24
Haramara,33K,40-44,Diego BRIZUELA ESPINOSA,06:44:09,151,25
Haramara,33K,40-44,Diego Armando BAUTISTA SANCHEZ,06:50:10,158,26
Haramara,33K,40-44,Carolina RICO,06:52:24,163,27
Haramara,33K,40-44,Moises SANCHEZ,06:52:38,164,28
Haramara,33K,40-44,Victor Alejandro CORONA HERNÁNDEZ,07:08:46,175,29
Haramara,33K,40-44,Abba MADRIGAL,07:09:31,177,30
Haramara,33K,40-44,Marco Antonio LEDESMA TORRES,07:10:40,178,31
Haramara,33K,40-44,Sebastien GROULX,07:11:53,179,32
Haramara,33K,40-44,Magali MARTINEZ,07:12:16,181,33
Haramara,33K,40-44,Nicolas DURETZ,07:16:12,183,34
Haramara,33K,40-44,Carlo GALAVIZ,07:21:25,189,35
Haramara,33K,40-44,Maria Jannay Berenice Berenice TORRES AVELAR,07:32:09,200,36
Haramara,33K,40-44,Mariana PAZ CASTELLANOS,07:37:01,205,37
Haramara,33K,40-44,Daniel ORTIZ,07:47:29,218,38
Haramara,33K,40-44,Maria Yanga ALVAREZ SOLIS,07:48:42,220,39
Haramara,33K,40-44,Leticia ALONZO,07:57:34,230,40
Haramara,33K,40-44,Jared CAÑEDO,08:06:28,234,41
Haramara,33K,40-44,Alfonso ALEXANDRE,08:09:09,236,42
Haramara,33K,40-44,Raúl FLORES LLANITO,08:37:43,240,43
Haramara,33K,45-49,Oskar ROMERO,04:32:48,19,1
Haramara,33K,45-49,Aida Esmeralda SANTANA ZEPEDA,05:36:14,77,2
Haramara,33K,45-49,Luis Alejandro GOMEZ RUBIO,05:47:04,90,3
Haramara,33K,45-49,Anonymous __anon_773,06:00:23,106,4
Haramara,33K,45-49,María Cristina COTA,06:00:55,107,5
Haramara,33K,45-49,Carlos CONTRERAS,06:04:43,115,6
Haramara,33K,45-49,Daniel MACIEL SANCHEZ,06:11:40,120,7
Haramara,33K,45-49,Rodolfo Ignacio MORALES VAZQUEZ,06:13:58,123,8
Haramara,33K,45-49,Alejandro DE LA CRUZ,06:17:23,125,9
Haramara,33K,45-49,Ana Gabriela COVARRUBIAS SANCHEZ,06:18:52,126,10
Haramara,33K,45-49,Gabriela HERNANDEZ,06:24:33,131,11
Haramara,33K,45-49,Luis CALDERON,06:25:29,133,12
Haramara,33K,45-49,Alberto SANCHEZ,06:28:09,137,13
Haramara,33K,45-49,Octavio MARTINEZ,06:32:47,143,14
Haramara,33K,45-49,Elena Anna BARBERO,06:50:33,159,15
Haramara,33K,45-49,Emma Juliana HERNÁNDEZ TENA,06:53:41,167,16
Haramara,33K,45-49,Hugo Gabriel MARTINEZ SANDOVA,07:01:40,173,17
Haramara,33K,45-49,Victorio Isidro HERNANDEZ HERNANDEZ,07:08:46,175,18
Haramara,33K,45-49,Alejandra TREJOS BARQUERO,07:19:03,185,19
Haramara,33K,45-49,Ayme Alexandra RIVAS GODINA,07:23:29,191,20
Haramara,33K,45-49,Leonel SOLIS,07:29:19,193,21
Haramara,33K,45-49,Miguel Angel CORRALES,07:30:45,194,22
Haramara,33K,45-49,Miriam RIOS,07:37:52,207,23
Haramara,33K,45-49,Ivan Lenin MORENO RODRÍGUEZ,07:40:19,208,24
Haramara,33K,45-49,Nicole RINALDI,07:41:13,209,25
Haramara,33K,45-49,Anonymous __anon_877,07:42:34,210,26
Haramara,33K,45-49,Aron DEVAULD,07:43:57,212,27
Haramara,33K,45-49,Rodrigo ROBLES ENRIQUEZ,07:48:23,219,28
Haramara,33K,45-49,Fernando VALERIO,07:51:57,222,29
Haramara,33K,50-54,Trent MORROW,04:30:50,18,1
Haramara,33K,50-54,Francisco CALDERON,04:33:29,20,2
Haramara,33K,50-54,Raul RUIZ,06:38:48,149,3
Haramara,33K,50-54,Wenceslao GONZALEZ,07:22:05,190,4
Haramara,33K,50-54,Mayra CARACHEO MÉNDEZ,07:31:35,196,5
Haramara,33K,50-54,Karla Adriana CALDERON CABRERA,07:55:00,226,6
Haramara,33K,50-54,Daniel MAGALLANES,08:00:52,232,7
Haramara,33K,50-54,Fernando FLORES AMADOR,08:52:35,244,8
Haramara,33K,55-59,Hector TORRES,06:26:48,134,1
Haramara,33K,55-59,Manuel CONTERIO,06:50:33,159,2
Haramara,33K,55-59,Cesar DE LA GARZA GOMEZ,07:12:06,180,3
Haramara,33K,55-59,Enrique GARCÍA URBINA,07:19:31,188,4
Haramara,33K,55-59,Oscar BERNADAC,08:14:50,238,5
Haramara,33K,60-64,Meinrad WYSER,05:12:19,48,1
Haramara,33K,60-64,Primitivo HERRERA,06:31:42,141,2
Haramara,33K,60-64,Carlos GARCIA,06:45:27,152,3
Haramara,33K,60-64,Gretchen PHILLIPS,07:04:14,174,4
Haramara,33K,60-64,Blanca Adriana FERNANDEZ,07:37:04,206,5
Haramara,33K,60-64,José Alfredo IBARRA GUALO,07:45:47,215,6
Haramara,33K,60-64,Carlos MENDOZA,08:49:42,242,7
Haramara,33K,60-64,Maria Victoria ESTEVE DE MURGA,08:50:39,243,8
Haramara,33K,65-69,Jose Antonio PEREZ CASTILLO,07:57:44,231,1
Haramara,33K,65-69,Lidia Macrina ESPINOSA MANCILLA,08:05:32,233,2
Haramara,33K,U20,Maria LOPEZ,04:28:18,16,1
Nakawé,50K,20-34,Sara ALONSO,05:25:54,2,1
Nakawé,50K,20-34,David NORRIS,05:26:18,4,2
Nakawé,50K,20-34,Christopher LEVESQUE-SAVARD,05:40:23,7,3
Nakawé,50K,20-34,Roberto Carlos VARGAS VIDAURRI,05:45:05,8,4
Nakawé,50K,20-34,Diego ARNAUDA GONZALEZ,06:13:48,12,5
Nakawé,50K,20-34,Jose Luis LÓPEZ FLORES,06:19:03,13,6
Nakawé,50K,20-34,Jose Alfredo NERI RUIZ,06:22:09,14,7
Nakawé,50K,20-34,Giovanni PERFETTI SANTISTEBAN,06:25:33,15,8
Nakawé,50K,20-34,Phoebe CROSTHWAITE,06:30:02,16,9
Nakawé,50K,20-34,Jose Antonio BAUTICIA MORENO,06:43:04,17,10
Nakawé,50K,20-34,Juan Fernando CAMEY CORDON,06:59:16,20,11
Nakawé,50K,20-34,Oswaldo Damian MUÑOZ DIAZ,07:03:30,21,12
Nakawé,50K,20-34,Gustavo PICHARDO,07:06:48,22,13
Nakawé,50K,20-34,María Guadalupe FREGOSO NIEVES,07:09:20,23,14
Nakawé,50K,20-34,Victor CONTRERAS,07:10:22,24,15
Nakawé,50K,20-34,Alex RAMÍREZ,07:13:50,25,16
Nakawé,50K,20-34,Haily VALLES,07:18:05,26,17
Nakawé,50K,20-34,Killian TACHON,07:22:06,27,18
Nakawé,50K,20-34,Marc-Olivier GIROUARD,07:34:14,31,19
Nakawé,50K,20-34,Arnoldo PEREZ,07:36:32,32,20
Nakawé,50K,20-34,Luis Angel HERNANDEZ AMEZQUITA,07:37:15,33,21
Nakawé,50K,20-34,Flavius MEINECKE,07:45:58,36,22
Nakawé,50K,20-34,Zach HENDERSON,07:48:55,40,23
Nakawé,50K,20-34,Lina CHINCHILLA,07:51:16,42,24
Nakawé,50K,20-34,Yahir JARAMILLO GARCIA,07:52:31,43,25
Nakawé,50K,20-34,Carlos Eduardo OROZCO LARA,07:52:42,45,26
Nakawé,50K,20-34,Karla PICARD,08:05:32,54,27
Nakawé,50K,20-34,Hannah VARGAS,08:05:40,55,28
Nakawé,50K,20-34,Cristhian SANTOS OGGONEI,08:06:26,57,29
Nakawé,50K,20-34,Miguel HERNANDEZ,08:12:10,61,30
Nakawé,50K,20-34,Carlos CASTRO,08:12:50,62,31
Nakawé,50K,20-34,Martin Ulises VENEGAS HERNÁNDEZ,08:17:02,63,32
Nakawé,50K,20-34,Jean-Baptiste BLAISE,08:28:51,68,33
Nakawé,50K,20-34,Joelle SCOTT,08:33:18,71,34
Nakawé,50K,20-34,Marc LLONCH BLANQUE,08:38:38,78,35
Nakawé,50K,20-34,Salvador JUAREZ,08:38:40,79,36
Nakawé,50K,20-34,Raymundo MEDRANO,08:39:07,80,37
Nakawé,50K,20-34,Eduardo SAMANO,08:43:24,83,38
Nakawé,50K,20-34,Alejandro NICOLAS CHACON,08:48:39,86,39
Nakawé,50K,20-34,Charlotte HILDEBRANDT,08:49:10,87,40
Nakawé,50K,20-34,Edwin Johjan QUIROGA GUERRERO,08:50:36,88,41
Nakawé,50K,20-34,Fernando ESQUIVEL AGUIRRE,08:56:25,98,42
Nakawé,50K,20-34,Adil TICHANI,08:59:12,99,43
Nakawé,50K,20-34,Erick Emmanuel REYES NUÑEZ,09:00:44,100,44
Nakawé,50K,20-34,Marc MIRO SANS,09:01:18,101,45
Nakawé,50K,20-34,Sara SAGNIER TOMAS,09:01:18,101,45
Nakawé,50K,20-34,Ricardo ONTIVEROS,09:02:11,103,47
Nakawé,50K,20-34,Brayan TORRES,09:03:05,104,48
Nakawé,50K,20-34,Anonymous __anon_390,09:03:09,105,49
Nakawé,50K,20-34,Spencer BUSBY,09:03:25,106,50
Nakawé,50K,20-34,Julian TAPIA,09:03:33,107,51
Nakawé,50K,20-34,Yulisa FUENTES BUSTILLOS,09:03:41,108,52
Nakawé,50K,20-34,María José PANTOJA,09:06:07,110,53
Nakawé,50K,20-34,Santiago CANEL SORIA,09:10:46,113,54
Nakawé,50K,20-34,Lisa PETIT,09:12:17,115,55
Nakawé,50K,20-34,Anthony MONTREUIL,09:12:56,116,56
Nakawé,50K,20-34,Gabriel VILLENEUVE,09:12:57,117,57
Nakawé,50K,20-34,Collerette MARIANNE,09:12:57,117,57
Nakawé,50K,20-34,Manuel DUSSAULT GOMEZ,09:18:26,121,59
Nakawé,50K,20-34,Jessica QUIROZ CASTRO,09:25:06,130,60
Nakawé,50K,20-34,Aaron ORVEDAHL,09:26:45,132,61
Nakawé,50K,20-34,Erik HERNANDEZ OLALDE,09:27:27,133,62
Nakawé,50K,20-34,Paula GONZALEZ ZEPEDA,09:27:53,134,63
Nakawé,50K,20-34,Rodrigo OLAYA,09:29:03,136,64
Nakawé,50K,20-34,Madi BUDGE,09:29:35,137,65
Nakawé,50K,20-34,Maddi GROEN,09:29:35,137,65
Nakawé,50K,20-34,Aaron GARCIA,09:30:36,139,67
Nakawé,50K,20-34,Luis Angel PADILLA JIMÉNEZ,09:31:26,140,68
Nakawé,50K,20-34,Santiago PARDINAS FAVELA,09:31:32,141,69
Nakawé,50K,20-34,Anahi LAZCANO,09:31:52,142,70
Nakawé,50K,20-34,Timothé ISVY,09:31:59,143,71
Nakawé,50K,20-34,Angelica Vianney RIOS GUTIERREZ,09:37:38,146,72
Nakawé,50K,20-34,Mindy MCCUNE,09:38:05,147,73
Nakawé,50K,20-34,Mauricio GONZALEZ,09:38:40,149,74
Nakawé,50K,20-34,Ximena Magali ROSILLO CEVALLOS,09:53:06,155,75
Nakawé,50K,20-34,Roberto GARRIDO ESPINOSA,09:58:41,159,76
Nakawé,50K,20-34,Quentin CANGUILHEM,09:59:22,161,77
Nakawé,50K,20-34,James MC CARTHY,10:04:57,162,78
Nakawé,50K,20-34,Elkin DIAZ,10:05:41,163,79
Nakawé,50K,20-34,Rudy CRUZ,10:07:06,164,80
Nakawé,50K,20-34,Daniel Absalon RAMIREZ RODRIGUEZ,10:07:07,165,81
Nakawé,50K,20-34,Gerardo GODINEZ,10:12:13,170,82
Nakawé,50K,20-34,Samuel ZAMORA,10:12:13,170,82
Nakawé,50K,20-34,Kexin WANG,10:14:53,174,84
Nakawé,50K,20-34,Spencer HUNT,10:15:37,175,85
Nakawé,50K,20-34,Candy Paez NARANJO,10:18:04,183,86
Nakawé,50K,20-34,Claudio PÉREZ,10:22:39,188,87
Nakawé,50K,20-34,Carlos Alberto ORTIZ,10:29:07,194,88
Nakawé,50K,20-34,Alexandra BRYANT,10:34:46,200,89
Nakawé,50K,20-34,Juanita MERCHAN PEREZ,10:37:57,204,90
Nakawé,50K,20-34,Jesús Iván RIVERA CANTERO,10:40:20,205,91
Nakawé,50K,20-34,Eduardo Carlos HUERTA VERA,10:41:39,206,92
Nakawé,50K,20-34,Mauricio ZAYRIK,10:44:20,207,93
Nakawé,50K,20-34,Alexis Michael VERDUZCO PIMENTEL,10:45:44,210,94
Nakawé,50K,20-34,Clara Isabel SOTO RODRIGUEZ,10:46:20,211,95
Nakawé,50K,20-34,Diego PAYÁN,10:46:41,212,96
Nakawé,50K,20-34,Luis Omar DOMINGUEZ,10:53:25,219,97
Nakawé,50K,20-34,Elsa Andrea RODRIGUEZ CANALES,10:56:06,221,98
Nakawé,50K,20-34,Óscar Sebastián GARCIA DE LOS SANTOS,10:56:06,221,98
Nakawé,50K,20-34,Tabata SANCHEZ,10:58:10,226,100
Nakawé,50K,20-34,Ricardo BARRERA MORALES,10:58:15,228,101
Nakawé,50K,20-34,Hiram VELEZ,10:59:44,231,102
Nakawé,50K,20-34,César Augusto GARCES FRANCO,11:07:53,240,103
Nakawé,50K,20-34,Cristian Ruben CASIQUE GARCIA,11:07:56,241,104
Nakawé,50K,20-34,Daniel HERNÁNDEZ AGUILAR,11:10:32,249,105
Nakawé,50K,20-34,Shaun COE,11:14:38,252,106
Nakawé,50K,20-34,Salvador MINUTTI,11:25:20,260,107
Nakawé,50K,20-34,Francisco Isaí NAVARRO JUÁREZ,11:29:15,261,108
Nakawé,50K,20-34,Jose ALVAREZ JUAREZ,11:29:57,262,109
Nakawé,50K,20-34,Francisco LEÓN AVELEYRA,11:30:36,264,110
Nakawé,50K,20-34,Levi DEIKE,11:32:01,266,111
Nakawé,50K,20-34,Blanca Analy HINOJOSA LERMA,11:32:31,267,112
Nakawé,50K,20-34,Samantha Estela GONZÁLEZ FRIAS,11:35:28,271,113
Nakawé,50K,20-34,Annette Maria GONZÁLEZ FRIAS,11:35:29,272,114
Nakawé,50K,20-34,Samuel ROMÁN LUNA,11:35:36,273,115
Nakawé,50K,20-34,Alonso GOMEZ,11:39:07,274,116
Nakawé,50K,20-34,Héctor HERNÁNDEZ ANAYA,11:39:10,275,117
Nakawé,50K,20-34,Isaac Rafael AVENDAÑO CONTRERAS,11:43:51,278,118
Nakawé,50K,20-34,Dulce Erandi MONTECILLO BALDERAS,11:44:19,279,119
Nakawé,50K,20-34,Anonymous __anon_568,11:50:05,283,120
Nakawé,50K,20-34,Sergio SORIANO,11:50:54,284,121
Nakawé,50K,20-34,Rafael ORTEGA,11:59:11,290,122
Nakawé,50K,20-34,Willy RUIZ VEGA,12:01:04,292,123
Nakawé,50K,20-34,Rodrigo Antonio SAN GERMAN SALCEDO,12:06:22,296,124
Nakawé,50K,20-34,Ethan TRYHUBCZAK,12:12:00,300,125
Nakawé,50K,20-34,Ivonne Jazziel BARRIOS MARTÍNEZ,12:13:50,303,126
Nakawé,50K,20-34,Andres ORANTES ALVAREZ,12:14:29,304,127
Nakawé,50K,20-34,Jaime Orlando DAMIÁN HERNÁNDEZ,12:14:29,304,127
Nakawé,50K,20-34,Claudia Alejandra VAZQUEZ MACIAS,12:16:06,307,129
Nakawé,50K,20-34,María CALDERON,12:26:11,314,130
Nakawé,50K,20-34,Andrea Yazmin FERNÁNDEZ MORALES,12:29:57,318,131
Nakawé,50K,20-34,Pablo Andrés PINEDA CAPACHO,12:32:07,319,132
Nakawé,50K,20-34,Gilberto ROMERO DAVILA,12:38:19,323,133
Nakawé,50K,20-34,Valentina MELLADO,12:38:46,324,134
Nakawé,50K,20-34,Victoria VICENTE,12:47:22,332,135
Nakawé,50K,20-34,Bijan MATTHEWS,12:49:26,333,136
Nakawé,50K,20-34,Gabrielle SAGE,12:49:26,333,136
Nakawé,50K,20-34,Omar Alejandro CURIEL OROZCO,12:50:29,335,138
Nakawé,50K,20-34,Emily HOGAN,12:50:49,336,139
Nakawé,50K,20-34,Esther ALVARADO,13:03:43,341,140
Nakawé,50K,20-34,Alfredo ZEPEDA,13:08:43,343,141
Nakawé,50K,35-39,Juan Carlos CARERA CASAS,05:27:31,5,1
Nakawé,50K,35-39,Nicolas PALACIOS,05:29:44,6,2
Nakawé,50K,35-39,Javier JANEIRO CERDEIRA,06:06:51,9,3
Nakawé,50K,35-39,Reyna Isela RIVERA CARRILLO,06:07:50,11,4
Nakawé,50K,35-39,Carlos LEITON,07:28:06,30,5
Nakawé,50K,35-39,José ALTAMIRANO MORALES,07:42:44,35,6
Nakawé,50K,35-39,Robin RAMOS,07:48:47,39,7
Nakawé,50K,35-39,Óscar Andrés GIRALDO PELAEZ,07:52:39,44,8
Nakawé,50K,35-39,Noe VASQUEZ FLORES,08:01:52,49,9
Nakawé,50K,35-39,Josh WENNERGREN,08:04:38,52,10
Nakawé,50K,35-39,Jonathan CUESTA NAVARRETE,08:04:56,53,11
Nakawé,50K,35-39,Diego IBARRA,08:07:52,58,12
Nakawé,50K,35-39,Jose De Jesus Jesus PEREZ,08:17:04,64,13
Nakawé,50K,35-39,Eduardo MOJICA,08:26:51,67,14
Nakawé,50K,35-39,Isaac CIGARROA,08:31:30,70,15
Nakawé,50K,35-39,Mario Ivan ALCOCER DE LA ROSA,08:33:51,73,16
Nakawé,50K,35-39,Pers PONCE,08:34:33,75,17
Nakawé,50K,35-39,Leoncio MONTES HERNANDEZ,08:38:19,77,18
Nakawé,50K,35-39,Prisila PRIEGO SAUCEDO,08:45:36,85,19
Nakawé,50K,35-39,Fernando SANCHEZ,08:51:01,89,20
Nakawé,50K,35-39,Yongjin JO,08:55:00,92,21
Nakawé,50K,35-39,María Eugenia HERRERA NAVARRO,08:55:07,94,22
Nakawé,50K,35-39,Andres ORELLANA,08:55:23,95,23
Nakawé,50K,35-39,Luis GANDARA,09:10:27,112,24
Nakawé,50K,35-39,Carlos Alonso GAMBOA CASTRO,09:16:34,120,25
Nakawé,50K,35-39,Isis Jaquelin JIMENEZ VALENCIA,09:18:51,122,26
Nakawé,50K,35-39,Paul Adrian HERNANDEZ VEGA,09:18:58,123,27
Nakawé,50K,35-39,Ramon COLOSIO,09:21:48,128,28
Nakawé,50K,35-39,Jessica JUSTUS,09:28:46,135,29
Nakawé,50K,35-39,Austin BROWN,09:37:31,145,30
Nakawé,50K,35-39,Sandra Luisa LOPEZ NANDO,09:52:59,154,31
Nakawé,50K,35-39,Austin ALLAN,09:54:04,156,32
Nakawé,50K,35-39,Monica GAMARRA,09:54:16,157,33
Nakawé,50K,35-39,Mayra MAGDALENO,09:54:35,158,34
Nakawé,50K,35-39,Carolina PALMA GARCIA,10:09:47,166,35
Nakawé,50K,35-39,Juan Eduardo YANEZ GARCIA,10:10:48,167,36
Nakawé,50K,35-39,Ronald ZUMBADO VASQUEZ,10:17:09,180,37
Nakawé,50K,35-39,Miguel Ángel OLIVAS AGUIRRE,10:22:11,187,38
Nakawé,50K,35-39,Jonathan Francisco ROSAS BLANCO,10:31:50,197,39
Nakawé,50K,35-39,Matthias PANOSCHA,10:44:41,208,40
Nakawé,50K,35-39,Evelyn VARGAS MADRIGAL,10:53:17,218,41
Nakawé,50K,35-39,Claudia Elizabeth MONTIEL SOLANO,10:56:26,223,42
Nakawé,50K,35-39,Jose BACA MARTÍNEZ,10:57:31,224,43
Nakawé,50K,35-39,Abner HERNÁNDEZ,10:59:34,230,44
Nakawé,50K,35-39,Marie-Claude VIAU,11:04:21,234,45
Nakawé,50K,35-39,Moises NUNEZ,11:07:49,239,46
Nakawé,50K,35-39,Fernando RAMIREZ,11:09:54,247,47
Nakawé,50K,35-39,Felix Asael ZAMUDIO SAVINON,11:10:07,248,48
Nakawé,50K,35-39,Daniel ISAAK,11:30:20,263,49
Nakawé,50K,35-39,Sarah-Maude FORGET,11:34:09,269,50
Nakawé,50K,35-39,Luis Alfredo GONZALEZ DURAN,11:43:45,277,51
Nakawé,50K,35-39,Hugo Roberto AVILA RIVERA,12:03:07,294,52
Nakawé,50K,35-39,Paul ANTOSZ,12:18:45,311,53
Nakawé,50K,35-39,Joaquin Adrian SALAZAR OLGUIN,12:44:15,329,54
Nakawé,50K,35-39,Gerardo MAGANA,12:53:01,337,55
Nakawé,50K,40-44,Joren TITUS,05:20:40,1,1
Nakawé,50K,40-44,Emerson TRUJILLO FLORES,05:25:54,2,2
Nakawé,50K,40-44,David CLARK,06:07:19,10,3
Nakawé,50K,40-44,Greg CRUICKSHANK,06:44:15,18,4
Nakawé,50K,40-44,René REYES,07:37:46,34,5
Nakawé,50K,40-44,Ricardo GAONA ROJAS,07:46:06,37,6
Nakawé,50K,40-44,Sebastien TREMBLAY,07:47:11,38,7
Nakawé,50K,40-44,Francis HURTUBISE,08:02:20,50,8
Nakawé,50K,40-44,Luca LONARDI,08:03:17,51,9
Nakawé,50K,40-44,Everardo ÁLVAREZ MORALES,08:33:19,72,10
Nakawé,50K,40-44,Mariela SILVA,08:34:10,74,11
Nakawé,50K,40-44,Jorge DEZA LEON,08:40:50,81,12
Nakawé,50K,40-44,Benoit ROQUES,08:41:26,82,13
Nakawé,50K,40-44,Diego CHAVEZ,08:55:03,93,14
Nakawé,50K,40-44,Catherine ROY-CARDIN,08:56:07,96,15
Nakawé,50K,40-44,Karine BROUSSEAU,08:56:07,96,15
Nakawé,50K,40-44,Pedro Samuel CORTEZ ORTIZ,09:03:50,109,17
Nakawé,50K,40-44,Marco Antonio GATICA FIGUEROA,09:11:23,114,18
Nakawé,50K,40-44,Virginia MOLINA,09:19:18,124,19
Nakawé,50K,40-44,Jorge ALVAREZ,09:20:42,125,20
Nakawé,50K,40-44,Pamella FALLEIROS,09:21:46,127,21
Nakawé,50K,40-44,Juan Pablo MONTOYA EUSSE,09:34:50,144,22
Nakawé,50K,40-44,Christian GARCÍA-HERNÁNDEZ,09:38:19,148,23
Nakawé,50K,40-44,Hazael MORALES FLORES,09:59:03,160,24
Nakawé,50K,40-44,John BALLAY,10:11:49,168,25
Nakawé,50K,40-44,Chase BOLDING,10:11:50,169,26
Nakawé,50K,40-44,Mireya SALINAS ESQUIVEL,10:14:45,173,27
Nakawé,50K,40-44,Yolanda JAIME SOTO,10:15:37,175,28
Nakawé,50K,40-44,Israel DIAZ MUNGUIA,10:15:48,178,29
Nakawé,50K,40-44,Rodrigo-Ariel ARIETTI,10:15:57,179,30
Nakawé,50K,40-44,Elsie TORRESAN,10:23:03,189,31
Nakawé,50K,40-44,Carmen Elena ORTIZ SOLARTE,10:24:24,191,32
Nakawé,50K,40-44,Sergio De J GARCÍA,10:30:29,195,33
Nakawé,50K,40-44,Jose Samuel AVINA RIVERA,10:34:29,199,34
Nakawé,50K,40-44,Silvia Esmeralda ALONZO,10:35:52,201,35
Nakawé,50K,40-44,Yanet CIENEGA GUZMÁN,10:37:37,203,36
Nakawé,50K,40-44,Abraham GONZALEZ MENDOZA,10:48:48,214,37
Nakawé,50K,40-44,Adriana CASTAÑEDA,10:57:31,224,38
Nakawé,50K,40-44,Valdireni MEDEIROS,10:58:12,227,39
Nakawé,50K,40-44,Michel CUENCA,11:04:54,236,40
Nakawé,50K,40-44,Rodolfo DIAZ ZUÑIGA,11:16:05,254,41
Nakawé,50K,40-44,Alfredo GONZALEZ,11:18:12,255,42
Nakawé,50K,40-44,Karla Denise HERNÁNDEZ,11:21:29,259,43
Nakawé,50K,40-44,Ben BARRERA,11:31:52,265,44
Nakawé,50K,40-44,Israel CARBALLO MONTAÑO,11:35:02,270,45
Nakawé,50K,40-44,Luis Hever RUIZ VARGAS,11:45:03,280,46
Nakawé,50K,40-44,Marcelo Abrahan PEREZ SANCHEZ,11:49:51,282,47
Nakawé,50K,40-44,Luis VILLALPANDO,11:57:46,289,48
Nakawé,50K,40-44,Alexander GABER,12:08:40,299,49
Nakawé,50K,40-44,Vladimir Ivan NAVARRO VELAZQUEZ,12:12:48,302,50
Nakawé,50K,40-44,Carlos VALENZUELA,12:40:36,327,51
Nakawé,50K,40-44,Jorge ROMERO PAULIN,13:35:32,344,52
Nakawé,50K,45-49,Daniel CASTORENA BORJON,07:23:12,28,1
Nakawé,50K,45-49,Robert ACKART,07:50:24,41,2
Nakawé,50K,45-49,Mario Alberto JIMENEZ NAVA,07:58:48,47,3
Nakawé,50K,45-49,Eduardo VIDAURRAZAGA,08:09:54,59,4
Nakawé,50K,45-49,Gloria RAMOS CASTILLO,08:21:11,65,5
Nakawé,50K,45-49,Joel ABUNDIS,08:23:53,66,6
Nakawé,50K,45-49,Pierre BUHOT LAUNAY,08:34:53,76,7
Nakawé,50K,45-49,Miguel Alfredo ZAMORA LOPEZ,08:43:32,84,8
Nakawé,50K,45-49,Ryan GARBER,09:14:57,119,9
Nakawé,50K,45-49,Shawn BUSSERT,09:25:49,131,10
Nakawé,50K,45-49,John GONZALES,09:39:30,150,11
Nakawé,50K,45-49,Federico ARRIZABALAGA,09:49:04,152,12
Nakawé,50K,45-49,Walter VEGA,09:50:01,153,13
Nakawé,50K,45-49,Hilda Lorena ROMO GUERRA,10:17:59,182,14
Nakawé,50K,45-49,Alexandre HAGAN,10:18:21,184,15
Nakawé,50K,45-49,Jesus Federico RIVERA CANTERO,10:18:37,185,16
Nakawé,50K,45-49,Raúl SÁNCHEZ,10:20:30,186,17
Nakawé,50K,45-49,Jose Fernando TORRES OSUNA,10:31:44,196,18
Nakawé,50K,45-49,Fawn HOLLAND,10:37:10,202,19
Nakawé,50K,45-49,Guillermo JUÁREZ OLIVARES,10:48:31,213,20
Nakawé,50K,45-49,Carlos Alberto MORA DONJUÁN,11:03:08,232,21
Nakawé,50K,45-49,Oscar ROJAS MUNGUIA,11:04:01,233,22
Nakawé,50K,45-49,José Carlos REQUENA,11:06:47,238,23
Nakawé,50K,45-49,Kenny Alicia ESTEFANIA TELLO,11:09:44,246,24
Nakawé,50K,45-49,Francisco MENDEZ,11:11:08,250,25
Nakawé,50K,45-49,Loraine MONTAÑO CORRAL,11:12:47,251,26
Nakawé,50K,45-49,Camilo Ernesto BECERRA ESPITIA,11:21:02,257,27
Nakawé,50K,45-49,Kinza BARNEY,11:39:12,276,28
Nakawé,50K,45-49,Hugo Jacob LARIOS GUERRERO,11:45:59,281,29
Nakawé,50K,45-49,Lucia MORENO CUBIDES,11:52:36,285,30
Nakawé,50K,45-49,Greivin CUBILLO,11:53:03,286,31
Nakawé,50K,45-49,Manuel ALVAREZ,11:55:18,288,32
Nakawé,50K,45-49,Fausto TORRES,12:06:35,297,33
Nakawé,50K,45-49,José HERRERA,12:07:29,298,34
Nakawé,50K,45-49,Jacqueline Francis GONZALEZ SANDOVAL,12:16:05,306,35
Nakawé,50K,45-49,Julio Cesar LOPEZ MAGAÑA,12:16:06,307,36
Nakawé,50K,45-49,Daniel JUMP,12:17:19,309,37
Nakawé,50K,45-49,Jeffrey RODRIGUEZ,12:18:44,310,38
Nakawé,50K,45-49,Raul Augusto ALARCON SIERRALTA,12:39:51,325,39
Nakawé,50K,45-49,Nayelli ORTIZ PEREZ,13:03:16,340,40
Nakawé,50K,50-54,Kerrie WLAD,07:57:58,46,1
Nakawé,50K,50-54,Sergio OCHOA BARAJAS,07:58:48,47,2
Nakawé,50K,50-54,Jacobo MORENO-MORA,08:05:44,56,3
Nakawé,50K,50-54,Pete WALLSTROM,08:11:30,60,4
Nakawé,50K,50-54,William HAMPTON,08:29:28,69,5
Nakawé,50K,50-54,Jose Gabriel AVILA COVARRUBIAS,08:53:47,90,6
Nakawé,50K,50-54,Juan Simon BUSTAMANTE,08:54:23,91,7
Nakawé,50K,50-54,Jose AVILA,09:06:54,111,8
Nakawé,50K,50-54,Laurent DUVILLIER,10:14:06,172,9
Nakawé,50K,50-54,Victor KOKTA,10:17:27,181,10
Nakawé,50K,50-54,Alejandro REBOLLAR,10:24:18,190,11
Nakawé,50K,50-54,Jesus Alberto YAÑEZ MUÑOZ,10:44:51,209,12
Nakawé,50K,50-54,Edgar ENRÍQUEZ,10:49:24,215,13
Nakawé,50K,50-54,Julianne WHITELAW,10:50:01,216,14
Nakawé,50K,50-54,Scott KLETTKE,10:50:01,216,14
Nakawé,50K,50-54,Leonardo CAPACHO,10:58:24,229,16
Nakawé,50K,50-54,Patricia ROJAS MUNGUIA,11:05:48,237,17
Nakawé,50K,50-54,Anonymous __anon_528,11:08:30,242,18
Nakawé,50K,50-54,Daniel CUEVA MARTINEZ,11:09:11,245,19
Nakawé,50K,50-54,Andrés MACIAS,11:14:47,253,20
Nakawé,50K,50-54,Hernan SANCHEZ GALGUERA,11:19:58,256,21
Nakawé,50K,50-54,Lizbeth ESPINOSA,11:32:50,268,22
Nakawé,50K,50-54,Sara ROCHA,12:00:19,291,23
Nakawé,50K,50-54,Rubén PÉREZ BAÉZ,12:05:19,295,24
Nakawé,50K,50-54,Pablo REYES CRUZ,12:28:13,317,25
Nakawé,50K,50-54,Daniel NUNEZ,12:34:08,320,26
Nakawé,50K,50-54,Dylan HOBSON,12:34:55,321,27
Nakawé,50K,50-54,Vladimir GUSIATNIKOV,12:41:49,328,28
Nakawé,50K,50-54,Verónica GAMBOA SANCHEZ,12:46:18,331,29
Nakawé,50K,50-54,Flavio REYNOSO,12:53:35,338,30
Nakawé,50K,50-54,Cristina DELGADO,12:54:23,339,31
Nakawé,50K,55-59,Maria-Clara SERINO,09:21:10,126,1
Nakawé,50K,55-59,Catalina GALINDO RODRIGUEZ,11:04:51,235,2
Nakawé,50K,55-59,Guillermo CAMPILLO,11:08:30,242,3
Nakawé,50K,55-59,Juan Carlos MARTINEZ SANTANA,11:54:55,287,4
Nakawé,50K,55-59,Fabian Adrian QUINTEROS,12:19:34,312,5
Nakawé,50K,55-59,David KORNMANN,12:21:54,313,6
Nakawé,50K,55-59,Roberto CALDERON,12:26:11,314,7
Nakawé,50K,55-59,David SADORF,12:36:18,322,8
Nakawé,50K,55-59,Adalberto GONZALEZ,12:44:32,330,9
Nakawé,50K,55-59,Cesar ALVARADO,13:03:44,342,10
Nakawé,50K,60-64,Efren VALE CUEN,09:22:37,129,1
Nakawé,50K,60-64,Walter CAMPOS,10:15:38,177,2
Nakawé,50K,60-64,Timothy BARTON,10:26:29,192,3
Nakawé,50K,60-64,Max Francisco DELGADO ESPINOZA,10:27:24,193,4
Nakawé,50K,60-64,John DALY,10:54:24,220,5
Nakawé,50K,60-64,Carlos MEZA,11:08:53,244,6
Nakawé,50K,60-64,Jose Eduardo RUBIO GOMEZ,11:21:15,258,7
Nakawé,50K,60-64,Valeria PETRAY,12:02:38,293,8
Nakawé,50K,60-64,David SANCHEZ,12:12:31,301,9
Nakawé,50K,60-64,Eduardo GRAFF,12:40:23,326,10
Nakawé,50K,65-69,Florencio Arturo PORTILLO PONCE,09:45:48,151,1
Nakawé,50K,65-69,Mario VILLAGRAN,10:33:55,198,2
Nakawé,50K,U20,Eleuterio PARRA HERRERA,06:49:58,19,1
Nakawé,50K,U20,Eder Alan LEÓN VELAZQUEZ,07:24:49,29,2
Nakawé,50K,U20,María Paula CALDERON,12:26:11,314,3
